{"type":"FeatureCollection","features":[{"type":"Feature","properties":{"ward":"新宿区","code":"13104"},"geometry":{"type":"Polygon","coordinates":[[[139.73935202297764,35.69538717108122],[139.73934202341582,35.69537272077463],[139.7390831391757,35.695001054355316],[139.7390803629686,35.69499689229292],[139.7388681454487,35.69469189171758],[139.73822616080884,35.69395274792117],[139.73783505824156,35.693525801974374],[139.73779477311052,35.69344108134101],[139.737570894981,35.69322525214386],[139.7370070038703,35.692737467959944],[139.73672756202757,35.69250525221577],[139.73628364497438,35.692189973288805],[139.73615474694418,35.692123586234686],[139.73614252875484,35.69211746814682],[139.7360775230594,35.69208386497854],[139.7358439169634,35.69196386484066],[139.73571308718942,35.69189663961839],[139.73531946831895,35.69169413477664],[139.73526591369114,35.69166666678342],[139.73526586332912,35.69166663980377],[139.7349555774381,35.69150746789552],[139.73436280190197,35.69120025229],[139.7340700258112,35.691018865328545],[139.73399085579354,35.69096525224478],[139.73333697761962,35.690523667133675],[139.73333333266737,35.690521224575036],[139.73311391697382,35.6903730270937],[139.7328108301558,35.6901624679237],[139.7325427764282,35.69001997304349],[139.73253250257312,35.690014414333916],[139.73228722417628,35.68988386514843],[139.73207805355946,35.68979663990319],[139.73165861155587,35.689621639926884],[139.73157527857643,35.68957330586352],[139.73137722358024,35.68940135998491],[139.73123693923355,35.68922580242901],[139.73117527901604,35.689142467650925],[139.73109444884994,35.68897580169204],[139.7310433331835,35.688759693705094],[139.7310169389807,35.688628026662286],[139.7309552787633,35.688474134673754],[139.7308450056927,35.68829497263505],[139.73079306085128,35.688104414387396],[139.73076219162203,35.68787664039479],[139.73066552529394,35.687538026758716],[139.73037968927144,35.686966639798754],[139.73027858568832,35.686711360041386],[139.73027274998765,35.686624972964296],[139.73026413718037,35.68649330592149],[139.7302610893779,35.68645053236634],[139.7302521923849,35.686315532436026],[139.7301905321675,35.68607413461376],[139.73016413706546,35.68592053220698],[139.7300905320526,35.68578635965292],[139.73004552458144,35.685704134638286],[139.73000136157373,35.685541919424224],[139.73001469492237,35.68538413516984],[139.73004941594797,35.68523553209428],[139.73007552506556,35.68512302690635],[139.73011941557877,35.684935802445466],[139.73012635474765,35.684904972786455],[139.7301741123456,35.6847008024003],[139.73019411236862,35.68466163962313],[139.73026939012038,35.684513026655],[139.73032216593538,35.68424969436808],[139.7304146693017,35.683823027211076],[139.73048494232637,35.68355080242776],[139.73056411234404,35.683361918717765],[139.73057525314562,35.683333332867164],[139.73057525314562,35.683333305887516],[139.73060771687278,35.68324997290807],[139.7307529960541,35.682877748009844],[139.73100355437066,35.682363333101534],[139.7310235543937,35.682324441020285],[139.73120160756832,35.68197610841082],[139.73149939018492,35.68149527868434],[139.73107910461715,35.68124444067854],[139.7309905061071,35.68119138697307],[139.7309432809078,35.68116333262185],[139.7309157724451,35.68114666728502],[139.73070994820569,35.68102389183929],[139.7305405060397,35.6812666674229],[139.7305107780502,35.681309171181454],[139.73021522665158,35.68173305403735],[139.7299046691653,35.68219083773715],[139.72983299589623,35.68229610787927],[139.7297582748247,35.68249027870354],[139.72973411184,35.68253027874954],[139.72956466877463,35.682810279071305],[139.72912800295512,35.6828194413643],[139.72852883323924,35.68283222522717],[139.72845632899657,35.6828141713371],[139.72845050588637,35.6828052788407],[139.72833910506586,35.68263944115745],[139.7278271336155,35.681875279121016],[139.72778547342102,35.68179027879847],[139.72771352765733,35.68164417134159],[139.7276496371212,35.681513891952704],[139.72757518764502,35.68105861286483],[139.7275146425868,35.680808333338064],[139.7272254727775,35.68025250464956],[139.7271554731467,35.68012277474645],[139.7269860309807,35.67980777460929],[139.726907419442,35.67966250532055],[139.7268049156146,35.679420837701684],[139.72674849484736,35.67928805370087],[139.7262257198413,35.67903361301097],[139.72604433198046,35.6791063870503],[139.72572822297934,35.67913055902824],[139.7255382232106,35.67910055944344],[139.72538878106752,35.67910055944344],[139.72513822275096,35.6792349999954],[139.72500350161044,35.67930746826522],[139.72499999965044,35.67930936043882],[139.72493321689467,35.679345279361314],[139.72468683502962,35.67931777539519],[139.72466405969874,35.6793152788772],[139.72421416305338,35.67916050465374],[139.72412572012604,35.679129999649945],[139.72404988299593,35.679118613333515],[139.72385044124508,35.67908833316022],[139.72367710771255,35.67908833316022],[139.72320433231425,35.679105558774665],[139.72318099940378,35.6790552785784],[139.72316849523008,35.679028054301455],[139.72321627800898,35.6788130542792],[139.7232276391444,35.678761387328336],[139.72327238671141,35.67855889237916],[139.72272739305492,35.678252505049215],[139.72266600533203,35.678561945577485],[139.7225790525814,35.67906333290665],[139.7221590529981,35.679029441056],[139.72155710797438,35.678847775304746],[139.7212176651633,35.67924499955723],[139.72115766509432,35.6793152788772],[139.7206460048094,35.67912555879769],[139.72047044095825,35.67901638739653],[139.72014291776168,35.6788130542792],[139.7200765244122,35.67877166657934],[139.71993070024178,35.67868110844654],[139.7198965242054,35.67860333327735],[139.71988263327705,35.67850722542829],[139.71985875537746,35.678405837659454],[139.7197512450241,35.678405837659454],[139.7196009728068,35.67848999981379],[139.71948791183786,35.6784105591002],[139.7195840340761,35.67830999960694],[139.7197692998135,35.67787944108352],[139.71993680933645,35.67755083780111],[139.7198315302012,35.67751055896531],[139.71966958478367,35.67744889155324],[139.71955985670218,35.67740694627372],[139.71986263325414,35.676726946391625],[139.7196195851759,35.676658332616114],[139.71973319113408,35.67628197263508],[139.71979902690373,35.67582697323638],[139.7197809730137,35.67575474778357],[139.7198887162914,35.67551586536507],[139.71990455335265,35.67546474789998],[139.71994844386575,35.67532419825329],[139.71976819724466,35.675000026829935],[139.71976819724466,35.674999999850286],[139.71975416332418,35.67497480174586],[139.71973900075443,35.67494753160349],[139.71960011665226,35.67471058632469],[139.7194756675682,35.674498081021795],[139.71927538315254,35.674412532112854],[139.71872399531628,35.674177252378456],[139.7181448382139,35.673930026949336],[139.71726399543718,35.673616972945126],[139.71667007776205,35.673462197822346],[139.7166666666335,35.67346130569484],[139.71655841793677,35.6734330813718],[139.71615732839814,35.67404364010207],[139.7160045533676,35.67401002704128],[139.71546230893864,35.67389030569319],[139.71508289216194,35.67463863966168],[139.71489922182184,35.674999999850286],[139.71489922182184,35.675000026829935],[139.71485955902165,35.67507808078898],[139.71472289174824,35.67502669442655],[139.71465263311268,35.675000026829935],[139.7146525548717,35.674999999850286],[139.71386508420642,35.67470113534927],[139.71368841778644,35.67461586523018],[139.7130784184344,35.67459753165093],[139.71289425436657,35.674618359949534],[139.7129151357251,35.674999999850286],[139.7129151357251,35.675000026829935],[139.71292841781246,35.67524253171763],[139.71294260731565,35.67564780220448],[139.71295788589794,35.6760936402095],[139.71296233484406,35.67621835998949],[139.71291983108551,35.67656725197725],[139.71290372242902,35.676902531826556],[139.71289705575475,35.67704446822779],[139.71290511008294,35.67728780229044],[139.7134987156934,35.67835364010858],[139.71362316477746,35.67857280219323],[139.71396985702347,35.679183081234385],[139.7142126326071,35.67961058566016],[139.71429927419229,35.67976513505312],[139.7144037484344,35.67995169401564],[139.71448152989888,35.68009030562325],[139.71456180338464,35.680233919260104],[139.71467763876217,35.68047113523488],[139.71471625205356,35.68055030615187],[139.7147245779771,35.68058530596727],[139.71476736682075,35.68076725230702],[139.7147895845718,35.68086225219133],[139.71452152994482,35.68105725219061],[139.71444846992108,35.681113919372024],[139.71417596634797,35.68132502712848],[139.71408902708708,35.68139225235075],[139.71393208819552,35.68151391893235],[139.7135720877818,35.68177030575515],[139.7134990268588,35.68184058597444],[139.71321875494175,35.68210919818114],[139.71286097315556,35.68233419776516],[139.71263291767514,35.68247753171289],[139.7123009734114,35.68270974835639],[139.71185211368424,35.6830500266376],[139.71155321680772,35.68327669356472],[139.7114619967739,35.683333332867164],[139.71146197069356,35.68333335984687],[139.71140739263728,35.68336725169746],[139.7111687809147,35.68336725169746],[139.7109731909602,35.68336725169746],[139.71077846975072,35.683375585714884],[139.71058347604674,35.68339169437138],[139.71056596624658,35.68339891862536],[139.71049180275463,35.68342946769593],[139.71039180263972,35.683470585599196],[139.71028457827083,35.68351474770759],[139.71016902707913,35.68364335975343],[139.70999041542552,35.68374891857792],[139.70981985720084,35.683837802173],[139.70964929987542,35.6839028015732],[139.70947069991303,35.683983918623085],[139.70929180317432,35.68411391922217],[139.70920985694954,35.68413974775132],[139.70900763899158,35.68420308070779],[139.70865847001255,35.684227532374905],[139.70833680859698,35.684181468200336],[139.7083333327173,35.684180972673914],[139.70831708196795,35.68417863983251],[139.70804902734096,35.68423558580383],[139.70771625210352,35.68436530581437],[139.7074076389515,35.68446280221673],[139.70732652370032,35.68460891866681],[139.7073184702714,35.68497419810092],[139.70729374790835,35.68536363962045],[139.70727433244463,35.68572697292166],[139.70724849492228,35.68581891870832],[139.70723461658451,35.68586780225746],[139.70721600511467,35.6859339186156],[139.7072012841121,35.685986694430596],[139.70711211363334,35.68614919832703],[139.70689267185946,35.686351972965326],[139.70670294368608,35.68654419765676],[139.70649627768125,35.68675336017958],[139.70619433210288,35.68703364019052],[139.70610489002888,35.68721225184413],[139.7060887813724,35.68754502708151],[139.70594267211675,35.68785308085518],[139.70584182933715,35.68797391916121],[139.70578016911963,35.6880480808544],[139.70559405981817,35.68809974780527],[139.70548766462423,35.688129197904345],[139.7047648902876,35.68809474757472],[139.70472461684778,35.688085026802696],[139.70462489012675,35.68806141420305],[139.7046023872905,35.68805613518265],[139.7045284953939,35.688045026756754],[139.70445155569496,35.688033640440324],[139.70405016938003,35.687973359782916],[139.7040387812649,35.68797141364996],[139.70291988344604,35.68780336003721],[139.70271014265916,35.68777197279849],[139.70256377439887,35.688007532222],[139.70246238663003,35.68800002737953],[139.7023445781399,35.687991134883134],[139.70223461713408,35.68830974759692],[139.70218489002082,35.68845419760328],[139.70220878141026,35.68850419811042],[139.70226377405413,35.68855280197039],[139.70210294379604,35.68916946799669],[139.7014918292847,35.68906308089663],[139.7014276653547,35.689051973370056],[139.70127572039837,35.68901919757809],[139.70091795120265,35.688942251583796],[139.7008373926318,35.688925026868674],[139.70064153018268,35.68888280189998],[139.7003679123494,35.68882363999916],[139.70020208815606,35.688788080805466],[139.70016152963103,35.68863391902033],[139.70000347558016,35.68858113511146],[139.69999999970037,35.68857997318736],[139.699990973205,35.68857697304901],[139.6998815302086,35.68853919792582],[139.69959652426041,35.68844058636415],[139.69921430609554,35.68830835994305],[139.69919791235395,35.688302802132796],[139.69913708221077,35.68828169414502],[139.69904430634983,35.688249748427324],[139.69891097286325,35.68820364018603],[139.69814180340165,35.68790113522937],[139.69806208839486,35.6878700267805],[139.69689594019565,35.68741141390581],[139.69666705643965,35.68733863986648],[139.69661260698638,35.687321134562865],[139.69647538303263,35.68727753183282],[139.69597455328324,35.68707089190832],[139.69581066083356,35.68700310820702],[139.69546316459355,35.68686005394852],[139.69521871627092,35.68674644079579],[139.69502955916698,35.686648946192065],[139.69490817137523,35.68657005406493],[139.69446204918438,35.686288387299385],[139.6938162001577,35.685831720557644],[139.69346258133328,35.68558783790854],[139.6930598046664,35.685303667430446],[139.69284036289264,35.685148666577845],[139.6926142544445,35.684971721368015],[139.69244897524015,35.68485144064164],[139.6921123086363,35.68460617123799],[139.69202785959817,35.684544775421216],[139.69186341136754,35.68442477528333],[139.69167007781198,35.68428394594753],[139.69166666668355,35.68428146831525],[139.6913939688568,35.68408283775295],[139.69132785969316,35.68404810773416],[139.69127396871886,35.68401950479648],[139.69124924815446,35.684006441244435],[139.6910281057626,35.68389005368317],[139.69087949369384,35.68381172093433],[139.69070644614578,35.683702278837245],[139.69046949367237,35.683552279114565],[139.69042116680362,35.68352172105074],[139.69031116712688,35.68345227899965],[139.69026338524725,35.68342199972568],[139.69014204871678,35.68333338682652],[139.69014197137506,35.683333332867164],[139.6890928267727,35.68256617069238],[139.68889367100633,35.68240422527492],[139.68886061012927,35.68237727888845],[139.68880588818138,35.68233283799026],[139.6886392222225,35.68221033324045],[139.68861477325333,35.682192279350375],[139.68852089482357,35.682123386785065],[139.68839616065452,35.68203172068752],[139.68833364518173,35.681985613345546],[139.68819752289755,35.68190477508546],[139.6876730868437,35.68159369419379],[139.68763085557976,35.68162786483424],[139.68758002589766,35.681669251634844],[139.68756308716695,35.68168313536859],[139.68738224429535,35.681829802203765],[139.68723169868417,35.6819520272644],[139.6871886382453,35.6819870270798],[139.68701391705883,35.682181748289224],[139.68663114131425,35.68260897302582],[139.68600380033524,35.683333332867164],[139.68600372209426,35.68333341380617],[139.68593586285,35.68341174835365],[139.68565089467324,35.68378727915979],[139.68562949440582,35.6838625587103],[139.68561061044147,35.683930333418346],[139.68543616085037,35.68454810830872],[139.68542700395324,35.68458033281627],[139.68523894941814,35.68526727906186],[139.68522172470296,35.68533089170745],[139.68518255473134,35.685473667176154],[139.68493282738825,35.68574561316967],[139.6849894936704,35.68588172106473],[139.68500282701905,35.68588672129533],[139.68515143998718,35.685943386678105],[139.68525783428186,35.68598366731254],[139.68556533137507,35.68610061335278],[139.68560505802714,35.686115613145205],[139.68562756176277,35.686124225053106],[139.68579505779587,35.6861878376987],[139.6858978341179,35.6864214410968],[139.68591060988695,35.68645089209514],[139.68591978027382,35.686471440704565],[139.68592033695415,35.68648199964474],[139.6859245008152,35.6865447750215],[139.68593727568486,35.686742278733334],[139.68593922181776,35.68676950480898],[139.68594255470532,35.68682283820357],[139.68594228311008,35.6868256126121],[139.6859248119806,35.68710450496911],[139.68591814530635,35.68721144065563],[139.68613147888482,35.68728727868512],[139.68611703037686,35.68734533262119],[139.68597980462448,35.68789338667062],[139.68586564198597,35.68787199989305],[139.68581452721878,35.68786227912108],[139.6841883919809,35.687556999755884],[139.6839519970872,35.687693107650944],[139.68384810560576,35.68775283792331],[139.6838092216185,35.68777533266564],[139.68367422798337,35.68799727905133],[139.68365450135434,35.68802977515418],[139.68361616055756,35.68809283831399],[139.6833439429688,35.68842172128558],[139.68333671871483,35.68843874814985],[139.68333333276723,35.68844677459913],[139.6832189488955,35.68871644081128],[139.6832598050961,35.689012558782736],[139.68328341140045,35.68910394609043],[139.68332814457835,35.689278667276824],[139.68333333276723,35.68929872125915],[139.68333674389578,35.68931183787117],[139.68334508420844,35.68934394636619],[139.68335481217503,35.68938227906909],[139.68368369604593,35.68972255914895],[139.6837617509043,35.689842838076686],[139.6837973020041,35.68989727943608],[139.68388341119066,35.690029774754464],[139.6840581449676,35.690391440712574],[139.68429481235592,35.69037672060932],[139.68442119318365,35.690368667180394],[139.68448313938552,35.690495612782456],[139.6844978603881,35.69052561326663],[139.6847389749239,35.6910183868892],[139.6848101166937,35.69124255909696],[139.6848184444159,35.69142338668013],[139.6845217769586,35.69154727908381],[139.68448955874635,35.69156089212163],[139.68445345006683,35.691575891914056],[139.68423625210153,35.69166666678342],[139.68423613518962,35.69166672074272],[139.68419427984236,35.691684225147014],[139.68445538270987,35.692024505226925],[139.68399011665076,35.69199061337628],[139.68399427961253,35.692063107726426],[139.68399649823994,35.69210089184287],[139.68399761339936,35.69212283799874],[139.6840026073346,35.69220922507583],[139.68399011665076,35.692353387299136],[139.6839098305744,35.6924417214085],[139.68389761328444,35.692455332647626],[139.68388594008422,35.69246699955255],[139.68379955930243,35.69255422479779],[139.68374038930767,35.692613946076904],[139.68403094677092,35.69277450473976],[139.68445121884884,35.69306922516478],[139.68459399521691,35.693180332806264],[139.68481900109623,35.69337227870784],[139.6850692743277,35.693639225370134],[139.68517538263802,35.69375227914452],[139.68541289179166,35.69399422465392],[139.6856120880276,35.69421394611686],[139.6856920881196,35.69434672112442],[139.68580902696522,35.69457644124992],[139.68623708177608,35.69545725165102],[139.6864515296146,35.695950027072286],[139.6865518031234,35.696148919337304],[139.68665430605154,35.69635225155531],[139.68665778193122,35.69635910798661],[139.68666291795944,35.696369198379955],[139.68706933867918,35.697174197731215],[139.6871932166938,35.69735113484717],[139.6872915557609,35.69749725219657],[139.68746961073407,35.697703919100775],[139.6879662784212,35.69825669369163],[139.68819267195443,35.69864891861289],[139.68828572030998,35.69881863956874],[139.68837658870882,35.69906474803986],[139.68839574606704,35.69920558636886],[139.68841241230314,35.69933141411366],[139.68841241230314,35.69958197332954],[139.6884126982876,35.69971474833716],[139.68839741880606,35.69991225204893],[139.688368340127,35.6999999998003],[139.688368340127,35.70000002678],[139.68826686062732,35.700306135320034],[139.6878913100361,35.700968081312055],[139.68764491558056,35.70137613520063],[139.68753574597804,35.70160613501531],[139.68745102534467,35.701784198082464],[139.68741852114806,35.70191308082417],[139.68739658938125,35.70221946815411],[139.68742133602598,35.70259780214701],[139.68745827477971,35.703160864982124],[139.68750050604365,35.70400919816615],[139.68756577164322,35.70437250538697],[139.68758855956457,35.704499720785634],[139.68762522672296,35.70461555886112],[139.68775800262995,35.70503555934374],[139.68792024572292,35.705377504968055],[139.68793330657707,35.70551583778587],[139.68793775642246,35.70556250540545],[139.68796941615585,35.705695559202866],[139.68808691258118,35.70613750494209],[139.68816219213159,35.70642138673776],[139.6882188593131,35.706565279164465],[139.68824413655784,35.70662055869201],[139.688307756398,35.70676694583807],[139.68837219192335,35.706914720638],[139.68847219203826,35.70707972105242],[139.6885927497558,35.70723750530681],[139.68869053214257,35.707337224833225],[139.68877997421657,35.70741194590477],[139.68888386479875,35.707495000094355],[139.68898581104656,35.70755361340872],[139.68910413664673,35.707618054329885],[139.69011861238425,35.70811610787223],[139.69042444932904,35.708265837798365],[139.69052406003755,35.70833333281723],[139.69054167325976,35.708345279411276],[139.69077306072836,35.708470558569616],[139.69115360615422,35.70867194555399],[139.69146888508112,35.70890389240088],[139.69166666668355,35.70904950523067],[139.6916702720656,35.70905217082117],[139.6920378078987,35.70932277502624],[139.6921275233667,35.70935638718771],[139.69243114078472,35.70942972060527],[139.69307752310942,35.70963194575785],[139.69321224424982,35.709716667290536],[139.69329669328795,35.70979527882923],[139.6934614140132,35.70993555867926],[139.69375724959752,35.71018777534573],[139.69398752280608,35.710429720855075],[139.69414503186795,35.710654170953376],[139.69430807985418,35.7109136127732],[139.6943311411694,35.71103999989623],[139.69431530500754,35.71104110786098],[139.69423557741015,35.7110475047387],[139.69421308716437,35.71104917118248],[139.69404557674216,35.71106222484195],[139.69272613460362,35.71116417108976],[139.69264308670927,35.71092027944752],[139.69262197062767,35.71085777476668],[139.69247141422454,35.71092250526959],[139.69183058431418,35.71119777515736],[139.69178169896645,35.71121861334848],[139.6916703107364,35.71126636015458],[139.69166666668355,35.71126791867965],[139.69153224411798,35.71132555892757],[139.69148197111622,35.711158613279565],[139.69145557691354,35.71107083764923],[139.69145418925962,35.711066386904406],[139.69142224444124,35.710960837972436],[139.69134197095536,35.71069333283123],[139.69129418907573,35.71053472120059],[139.69110775601825,35.71052550494824],[139.69104697803584,35.71052250480989],[139.69064280202383,35.71066638734408],[139.69015863761126,35.71079500028918],[139.69011114081673,35.710807505362254],[139.69004141368043,35.710826107838784],[139.69005891089023,35.71116083820226],[139.6900641890113,35.71126444100133],[139.6900647465909,35.7112761079062],[139.69007557712632,35.7114836129785],[139.68980308704306,35.7114836129785],[139.6897711413253,35.711481945635455],[139.68973780795363,35.71148000040188],[139.68896364455668,35.71143805422298],[139.68861418869403,35.711391386603395],[139.68857364455823,35.71138583778634],[139.6879861345526,35.711307505037496],[139.68786250295227,35.71129083790203],[139.6875163943663,35.711212774949786],[139.68746277588662,35.71120083824826],[139.68705666723156,35.711109171251394],[139.68681805371034,35.71105305355576],[139.68677639441523,35.71104305399393],[139.68609972831996,35.710883613188344],[139.6860838912587,35.71087972092255],[139.68604167258525,35.71086972136072],[139.6855977816125,35.71076527859492],[139.6854161086667,35.710722225350594],[139.68533082955435,35.71070222532762],[139.68532472135894,35.7107008376737],[139.68487749659937,35.71058610756296],[139.68473472113067,35.710549720993015],[139.68473333257737,35.71054917060792],[139.68457138805934,35.71050777481412],[139.68448500637817,35.71048555886159],[139.68416082955878,35.71041972129325],[139.68411496773172,35.71041055900025],[139.68405496766286,35.710398332717034],[139.68333691296834,35.7102524680771],[139.68333333276723,35.71025174772012],[139.6830758110001,35.71019944135128],[139.68278274982424,35.71012250524956],[139.68268024599672,35.71021777493053],[139.68265080399158,35.71024500010685],[139.68263442284047,35.71026027868908],[139.6825802458818,35.71031055888534],[139.68212608285262,35.710676946284195],[139.68197302183762,35.710749440634345],[139.68194635514033,35.71076194570742],[139.68191163411484,35.71077833315371],[139.68170968865138,35.71087417120623],[139.68147386482713,35.71096944088714],[139.6814502459323,35.710973891631966],[139.68133635488903,35.710995837787834],[139.68121442300742,35.71101917069831],[139.68092136183157,35.71107499971163],[139.68082858597063,35.711094170559704],[139.6807883008396,35.71110222488795],[139.68068496783712,35.71112361256485],[139.68064247666916,35.71113222537207],[139.68050775642803,35.71116000003411],[139.68050191982786,35.71116110799892],[139.68038941643863,35.71121166698504],[139.6803421921386,35.71126389241488],[139.68044274983322,35.71131694612035],[139.68075469497342,35.71148138715648],[139.6812094155822,35.71175638724765],[139.681267756402,35.711820838061385],[139.68162360644442,35.71221444074399],[139.68179389127522,35.71266833307726],[139.68183917034162,35.71305750480019],[139.68184277572368,35.71308917082871],[139.681845837016,35.71311472056806],[139.68185055755737,35.713155837572],[139.68164639436577,35.71324666730004],[139.68116972760106,35.71329194636638],[139.68116972760106,35.7135866667914],[139.68149888486585,35.7136319458578],[139.68146639415897,35.71388722471579],[139.68145749716598,35.71395610828796],[139.68145027201263,35.714013054259226],[139.68129444917963,35.714013054259226],[139.6809950064146,35.71401277457005],[139.6808494421482,35.71403722533785],[139.68084333305353,35.7140383333026],[139.68070111516454,35.7140622246921],[139.68070138765904,35.71408583819107],[139.68070389137165,35.71442583768243],[139.68070444895136,35.714493892079645],[139.6802958365838,35.714493892079645],[139.67993194570295,35.714228333071276],[139.6799180538752,35.71421833261013],[139.6798758370005,35.7141875047497],[139.6795966667529,35.71434305418876],[139.6794141628335,35.71451110780157],[139.6792663943288,35.71469833316172],[139.67923194579782,35.71479194629143],[139.67917277580318,35.71492472129904],[139.67913333333684,35.715033613010974],[139.67911360580842,35.71511722478027],[139.6790938908705,35.7152402790158],[139.67915111473235,35.71540583790926],[139.6792116732803,35.71558027940654],[139.67928555078777,35.715706946218745],[139.67935888510465,35.71569110825823],[139.6794105583508,35.71567972104248],[139.67944444930208,35.71567250488238],[139.67954666714513,35.715650279037334],[139.67958891099966,35.71598805360594],[139.6795914138129,35.715998054067086],[139.679600855795,35.71603333267234],[139.67960919610766,35.716064999600235],[139.67969114143318,35.71637361275219],[139.67955169885204,35.71666666673343],[139.67947530504148,35.71682722539629],[139.679236978404,35.71720166712339],[139.67913252934295,35.717671667213835],[139.67910085611982,35.71827861336749],[139.67898031099276,35.71827361313689],[139.67847697843,35.71825250514917],[139.6784028023476,35.718249171362345],[139.6782950320902,35.71824472061752],[139.67813946826197,35.71841250533299],[139.6780628019569,35.71849527893414],[139.67757503216217,35.718957775081435],[139.67721447506813,35.71928886498927],[139.6770225291666,35.71943163955871],[139.6767805836572,35.719539972791665],[139.67641114126138,35.7196621978523],[139.67638114077715,35.71959219822156],[139.67636002559493,35.71954330567917],[139.67634891087368,35.719517198360165],[139.67627474738185,35.719344720982235],[139.67574447472794,35.71948027939152],[139.67571503182342,35.71971250502827],[139.67544224406447,35.719819170918186],[139.6754353048956,35.71954861257859],[139.67543169861415,35.71948417075805],[139.6754178076859,35.719248333444],[139.67528252896568,35.71917861260306],[139.67523530466576,35.71915417082846],[139.67523085571963,35.719151945905764],[139.67500364470266,35.71907855942817],[139.6749999997504,35.71907735973252],[139.67358444886338,35.71862027930263],[139.67351722364117,35.718664170715044],[139.67348749655093,35.71877055871448],[139.67346221840683,35.718860838057424],[139.67343778202815,35.71894750482363],[139.67372141381236,35.7192763868959],[139.67361169922071,35.71940777514885],[139.67349447529,35.71954861257859],[139.67349975431034,35.71956944087714],[139.67351752311538,35.71963889192148],[139.67367613474596,35.720263053797055],[139.6743439173381,35.72019527908901],[139.67434557658726,35.72019500029921],[139.67434836628422,35.72020833274854],[139.67436224372273,35.72027138691516],[139.67437447540192,35.72032719794197],[139.67445946763053,35.7207185855944],[139.6745742283182,35.72124469438728],[139.67457616096124,35.721254693949106],[139.67459671856386,35.72134830617955],[139.6746200523737,35.72145553234708],[139.67462228269233,35.721467468149285],[139.67462922186132,35.72149913507718],[139.6749999997504,35.72147655939585],[139.67500367078298,35.72147633276671],[139.67555978005998,35.72144246789577],[139.6756847732339,35.72149913507718],[139.67572477327985,35.7217255322077],[139.67576450083118,35.72194941393445],[139.67570756205453,35.72235746782303],[139.67554116679162,35.72291219843936],[139.6753367194143,35.723356081318286],[139.67525953330096,35.72353525235019],[139.67518564230375,35.72370691943894],[139.67523007780608,35.7240416399099],[139.6753600784051,35.72453413474267],[139.67536258121834,35.724759973394214],[139.67536396887226,35.72488080180773],[139.67539418879096,35.72499997277072],[139.67539418879096,35.724999999750366],[139.6754042540033,35.725039694026805],[139.67545369603147,35.72515636037792],[139.6754750837083,35.72520719815384],[139.67550508419242,35.72527774816973],[139.67555258098696,35.72538997276922],[139.67556620032008,35.72543386508096],[139.6755945271659,35.725524693909676],[139.67562396917106,35.72561858582924],[139.67569202266884,35.72583746822477],[139.67579871643784,35.72606830620754],[139.67589900073847,35.726268864916335],[139.67591927415538,35.726309134758935],[139.67599372183292,35.72645830620604],[139.6761990010832,35.726727198101855],[139.67637732765172,35.72704830643437],[139.67643316475892,35.72717219793873],[139.67645204872326,35.72721386532777],[139.67648345035116,35.72728358616871],[139.67656121922505,35.72745608063377],[139.67683374797923,35.72822717104725],[139.67685847034227,35.72829966719604],[139.67687263286587,35.72834077520679],[139.67688846992712,35.72838772071691],[139.67691097276338,35.72845355918457],[139.6769476390225,35.72875966682534],[139.67695846955792,35.72885105413303],[139.67697208799166,35.72901161279589],[139.67697958474025,35.72909938662758],[139.67698763906844,35.729192441278315],[139.6769948642218,35.72927910804458],[139.67700291765073,35.729374386718746],[139.67701542182442,35.729519945589175],[139.67734430569533,35.729372721174286],[139.67747403379985,35.72930244095505],[139.67753600518267,35.72926850503762],[139.6779420877573,35.7290491082299],[139.67803929997388,35.728991054293886],[139.6780768088978,35.72896855865224],[139.67810124527648,35.72895410834559],[139.6781212452994,35.728942170744745],[139.67817819666664,35.7289080001043],[139.67837791181137,35.72878883813456],[139.67881513610985,35.72856133303924],[139.67889014316575,35.728522440958045],[139.6790848643751,35.72842105408853],[139.6800565242894,35.727856612592745],[139.6801184695919,35.7278205048126],[139.68016958525834,35.7277907750244],[139.68019569437593,35.72777577523203],[139.68064291823623,35.72746522494032],[139.68068652366435,35.72743466687655],[139.68072041461562,35.727411333066755],[139.68079014265118,35.727362721112854],[139.68123263337952,35.72711105393216],[139.68134097290772,35.72704938741947],[139.68134985731024,35.72704438718887],[139.6814551364456,35.72685105363337],[139.68148347588192,35.726798559306246],[139.68150625211206,35.72675661312735],[139.68159180281964,35.72659966704117],[139.6817695852983,35.726146333186875],[139.68179236062917,35.72608494636336],[139.68182180263432,35.72600636000567],[139.68209649785524,35.72526941415231],[139.6821811672272,35.724999999750366],[139.6821811672272,35.72499997277072],[139.68219678305525,35.72495025195275],[139.68225121901867,35.724744135433696],[139.68225844417202,35.72471580229262],[139.68228817126226,35.72460386457686],[139.68229538292576,35.724576080921565],[139.68245761342826,35.724182197650464],[139.68246649783077,35.724175252186285],[139.6825312193405,35.72412580206429],[139.68254788557658,35.72411302719462],[139.68269927385256,35.72370608127079],[139.68272204918344,35.72364441385878],[139.6832926069684,35.723674972821925],[139.6833048377482,35.72367580199682],[139.68333333276723,35.72367733264298],[139.68333705596058,35.72367753229247],[139.68352260678307,35.723687468002424],[139.6839003885923,35.72374774776051],[139.68415150538783,35.72379080190416],[139.6841631650982,35.723653306355175],[139.6841662263904,35.72361858622895],[139.6841773276218,35.72348969359467],[139.68432372196241,35.7230096939424],[139.6843362261361,35.72292719823179],[139.684331218711,35.7228024676599],[139.68435316486682,35.722721080813415],[139.6844062257669,35.72252274792663],[139.68440871598966,35.72251386532281],[139.68508150510752,35.72262136038762],[139.68513344994892,35.72262969440504],[139.68519455258672,35.722639414277694],[139.6854517766783,35.72268053218096],[139.68574260663615,35.72269108122856],[139.68578678313372,35.722692467983165],[139.68583011696649,35.722694135326265],[139.68662483796606,35.72272274815646],[139.68664900095087,35.722723586324605],[139.68666900097378,35.72272164019171],[139.68687900076543,35.722701918958535],[139.6870570557387,35.722685251823066],[139.68719649831996,35.72267191937374],[139.68769038890048,35.72262553234259],[139.68804041493343,35.72260746766068],[139.6884329177451,35.722604413562976],[139.68847985696004,35.72260413477318],[139.68896542161713,35.722600532089075],[139.6890151361398,35.722599972710725],[139.68939542166152,35.72259719830225],[139.69025819705837,35.722520801793735],[139.6907793388956,35.72250169389821],[139.6910708298551,35.72246946759202],[139.69140172461005,35.722445864884946],[139.69165119294837,35.7224244142555],[139.69166666668355,35.7224231983721],[139.69167041505784,35.72242291868292],[139.69226044136644,35.72237717106975],[139.69282243760563,35.72232989191116],[139.69393791170546,35.722190774884496],[139.69422152999982,35.72208661270719],[139.6945070818365,35.72198161326099],[139.69493430567388,35.721825775139564],[139.69509430585765,35.721808838207494],[139.69559819689948,35.72175605429862],[139.69564875498622,35.7217505045823],[139.69572652386012,35.7217424412608],[139.69576374769895,35.72189077543908],[139.69578347612673,35.7219705048351],[139.6958098829199,35.72207550518061],[139.69713878142977,35.722051891681645],[139.69731182897794,35.722067720648965],[139.69735016887535,35.72207105443579],[139.69767044083835,35.72210022484569],[139.69812377379333,35.722190774884496],[139.69839822260008,35.722296054019864],[139.69843627831176,35.72231050522578],[139.69848739307895,35.72233022466031],[139.69861433238566,35.72238466691903],[139.69882600491633,35.72239661261375],[139.69897294424618,35.72243217090812],[139.6991187810071,35.722557171276605],[139.69937182864714,35.72282105394862],[139.69937683517298,35.72282633296908],[139.69945433155237,35.72291772117603],[139.69951016865957,35.72298383843355],[139.69952016912066,35.72300327907823],[139.69961297016266,35.72318272080611],[139.69961936434242,35.723194386811656],[139.69964963732104,35.723248278685276],[139.6997868612748,35.72349300040179],[139.6998043575852,35.72352410795139],[139.69981686085964,35.72354605410726],[139.69999999970037,35.72353741432039],[139.70000380023532,35.723537224563415],[139.70007852130686,35.723533837716616],[139.7004837998876,35.723514945658394],[139.70080547299438,35.72350327875347],[139.7008457464342,35.723501891998865],[139.70090408635463,35.72349966707611],[139.70102019512603,35.723495505013716],[139.70129574560235,35.72348577524849],[139.7013488074017,35.72348383810879],[139.7016963036417,35.723470774556745],[139.7017679769108,35.72346800014827],[139.70188269802827,35.72346383808582],[139.70198992239716,35.72345966703017],[139.7021082488967,35.7234552252786],[139.70265241157972,35.72337661284058],[139.7028165891145,35.72335522516369],[139.70287713417258,35.72334717083544],[139.70343769059707,35.72327383831714],[139.70372741888548,35.72320855922777],[139.70373297040044,35.723207441370505],[139.70435185505426,35.723067999688624],[139.7045996371637,35.72301355922855],[139.70453352800007,35.72289494584521],[139.70450241235665,35.722838838042094],[139.70443046659295,35.72270938692884],[139.70437936441635,35.72261717134552],[139.7043213095809,35.72251327896481],[139.7041854732812,35.72226855904694],[139.70415658885565,35.72221689209607],[139.70426630434667,35.72216550483432],[139.70432158207552,35.72213994610178],[139.70438075207028,35.72211217143973],[139.70446907898497,35.72207105443579],[139.7047879767839,35.721882999900686],[139.7049574189499,35.72176410772755],[139.7050007518834,35.721733838346154],[139.7050296372082,35.72171327894483],[139.70536547283848,35.72147772131996],[139.70507710792242,35.72088383781903],[139.70506461723846,35.72085772060751],[139.7050465498586,35.72082050486256],[139.70503182885602,35.72079050527776],[139.7052090528557,35.72061355916861],[139.705164889848,35.72059077484454],[139.70499211389517,35.720501892148775],[139.70486516199776,35.72043633337023],[139.70489905294914,35.720278837798276],[139.70491544669073,35.720202170593836],[139.70496044067193,35.719992440598844],[139.70497849456206,35.7199091076194],[139.70501128384387,35.719756332588815],[139.70508683498963,35.71961383770861],[139.70514795111728,35.71949883780127],[139.70519878079926,35.71940272095895],[139.7053968348962,35.719048558943996],[139.70592905278374,35.71885438722035],[139.70593878075033,35.71885077464373],[139.7058835021221,35.71863050459427],[139.70581294401234,35.71834855903893],[139.70580544726374,35.71831133340146],[139.70574099914802,35.717995225299546],[139.7057284949742,35.717932720618705],[139.70565875524755,35.71759077499445],[139.70561708156322,35.71738577543334],[139.70561069997405,35.71731466693848],[139.70559542229114,35.71715689167735],[139.70558486425023,35.717124945959654],[139.70543425388792,35.71666666673343],[139.7054342278076,35.71666663975378],[139.70540263282544,35.716570531904665],[139.70537652370774,35.71649053181278],[139.70525152963455,35.716313585703574],[139.70491902689173,35.716102198258],[139.7048193001707,35.71603858561241],[139.70481153002822,35.71603386507098],[139.70456347632353,35.715876080816656],[139.70465513612578,35.715369972946064],[139.7046587163269,35.715349134754945],[139.70470927441363,35.71506997260133],[139.704796226265,35.71474553228063],[139.70479900067357,35.714735531819485],[139.70481732795747,35.714666359565],[139.70483483775774,35.71460108137495],[139.70484483821883,35.714564135426656],[139.70492788611318,35.71454330622879],[139.70526399513744,35.714459413871],[139.70530817073563,35.7144485860336],[139.7053867831737,35.714428864800425],[139.7054806607041,35.71413719757379],[139.70535566842955,35.713699693586136],[139.70587678328707,35.71343941359822],[139.7060117769222,35.713435801920866],[139.70604538278837,35.71343497274597],[139.70608345019127,35.713434134577824],[139.7062726072952,35.71342913524654],[139.7063892736462,35.713495801989836],[139.7064915049791,35.71355413471571],[139.70702316528707,35.71363719789855],[139.70719649792022,35.71375302698078],[139.7072228921229,35.713770802081],[139.70727455277859,35.71380525241062],[139.70734622604766,35.71385330588555],[139.70752399503647,35.7138335855517],[139.70773955893367,35.71380997295205],[139.70805927421634,35.71382219833595],[139.7083333327173,35.71382094558032],[139.70833705591053,35.71382094558032],[139.70868208800812,35.7138194140349],[139.7087265244097,35.71376386471076],[139.70876208810012,35.71371941391999],[139.708769027269,35.71371053221543],[139.7087881972177,35.713703864641786],[139.70912347616763,35.713585531847],[139.70915041535955,35.71358497336797],[139.7096029182403,35.71357497290683],[139.71001958493605,35.71354386535728],[139.71023486374816,35.71349830570239],[139.71032736711447,35.71347858626791],[139.71042097304962,35.713459134831396],[139.71053791189524,35.71353053200863],[139.71057180284663,35.713627198336724],[139.71059097279533,35.71365719792152],[139.71073846970478,35.71388746843206],[139.71091569370446,35.71413746826971],[139.71095308661586,35.7142522253601],[139.71102070034522,35.7144588652846],[139.7110823605626,35.714647721115625],[139.7112865237542,35.71477300027391],[139.71159542199132,35.71481105418695],[139.71160680920707,35.71481244094156],[139.71165763888905,35.71481883781928],[139.71191542235908,35.71478577514358],[139.71211347555663,35.714760225404234],[139.71232070004044,35.71461217091513],[139.7128987545741,35.71420800029915],[139.7132868093389,35.713930775285235],[139.71332208794422,35.71389883766142],[139.71354347585088,35.713698000162765],[139.71364097315256,35.71358327904528],[139.71376569383187,35.71348494627341],[139.71391736719295,35.71340161329397],[139.71427014335256,35.713247440717],[139.71429236110373,35.713236333190366],[139.71441236124167,35.71317550484582],[139.71448319094668,35.71319327904678],[139.71462875521308,35.71322966741536],[139.71484153031258,35.713282721120834],[139.7150681972397,35.71339299958743],[139.71534236096136,35.71352689155299],[139.7154704154275,35.713589107551456],[139.71553513603783,35.71362077537867],[139.7156948637272,35.71374217126436],[139.71587985697,35.7138132788599],[139.71588763880368,35.71381217089515],[139.71593513559822,35.71380577491675],[139.71599652422037,35.71379744089933],[139.7161131905715,35.713739108173456],[139.716135694307,35.71371772139588],[139.71623124457642,35.71362717135702],[139.71634985706044,35.713514387379234],[139.7166666666335,35.713194252113226],[139.7166704150078,35.71319044078638],[139.71678902659244,35.713070505399685],[139.7168254221557,35.71303383824119],[139.7168856938199,35.712973000004126],[139.71713236077005,35.71293800018873],[139.717284034131,35.71291633282266],[139.71745486395093,35.71288077542761],[139.7176220883888,35.712816332707746],[139.7179173672929,35.712703000143506],[139.7186504145851,35.71254661343562],[139.71871902656198,35.712559387405975],[139.71875985668225,35.7125671710383],[139.7191156941342,35.71247272063971],[139.71923433179916,35.7125671710383],[139.71924461734534,35.71257522536655],[139.71939461706813,35.7126946670254],[139.7195937737339,35.7127729997743],[139.7196687807898,35.712769387197625],[139.71974627806844,35.71276550482435],[139.71989267240906,35.71275855936017],[139.72001377421645,35.71272300016648],[139.72005654957024,35.712594945700346],[139.72010099856243,35.71247383759771],[139.72012182865967,35.71241633314742],[139.7201632172588,35.71230355906215],[139.72034822309217,35.71232466704993],[139.7203979511047,35.712413000259914],[139.72042377423793,35.71245938729106],[139.72043600501775,35.71248105375781],[139.72048406029137,35.71256689224845],[139.7205560051557,35.712631612858786],[139.7206351616835,35.71264605417224],[139.72071433170117,35.712624667394664],[139.7208071075621,35.7125363332853],[139.72082405978267,35.7125205052173],[139.72086016936146,35.71248605398836],[139.72091739322332,35.71243161262896],[139.72109544729722,35.71245272061674],[139.7216793393302,35.712549108154974],[139.72199933879858,35.71252661341265],[139.72209488996737,35.71250189194893],[139.7222321139211,35.71244355922306],[139.7223401692636,35.71238966734944],[139.7224023870607,35.7123479999604],[139.7225096114296,35.712265774945706],[139.72250683522248,35.71226272084806],[139.72246905290467,35.71221938701524],[139.72244128363855,35.71218772098672],[139.7222693386592,35.7119910536444],[139.72216267187002,35.71186883757696],[139.72210377436988,35.71164883822348],[139.72210072566816,35.711571332850895],[139.72211405991607,35.711557171226616],[139.72228683496962,35.71137022465632],[139.72251041542347,35.71124938724961],[139.722935422432,35.711068558767124],[139.7229690273989,35.71105438725033],[139.72297542157867,35.7110516128418],[139.72301236123167,35.711044946167476],[139.723162943715,35.711018559159356],[139.7232023610003,35.710924667239794],[139.7232179120772,35.710783559114134],[139.72323180300543,35.71065938702128],[139.72325902728244,35.71041410772506],[139.7235070818865,35.710308558793145],[139.72406457791817,35.71020022466081],[139.72414513558977,35.71018466728873],[139.72430791198076,35.71015300036083],[139.72499999965044,35.709922387208564],[139.72500374802473,35.70992113535226],[139.7250231913673,35.70991466742811],[139.7251892997466,35.70978022507751],[139.72521291774217,35.70976105422943],[139.7252618030899,35.70972161266246],[139.72536152981093,35.70952217091161],[139.72540929999934,35.709426892237445],[139.72566486394248,35.70931133295181],[139.72592041529515,35.709231054070074],[139.7259879121126,35.7092096672925],[139.7262140340506,35.70933799964911],[139.72634625237788,35.7094157748183],[139.72641625200856,35.709456613032444],[139.72645763880917,35.709481053907666],[139.72663596627694,35.709585774564005],[139.72670710804675,35.709617721181075],[139.7270262783403,35.709761612708405],[139.7272962782008,35.70988327929007],[139.72741988282155,35.70993883760741],[139.72800321727482,35.70989189209729],[139.7280387809651,35.70980300040833],[139.7280921143598,35.70967077488649],[139.72813155592678,35.709572171418756],[139.72816294406482,35.709494107567195],[139.72822406019236,35.70946772055902],[139.72839849539446,35.7093921712119],[139.72843988309432,35.70937438711843],[139.72850016914765,35.70934827890011],[139.72858516227564,35.70931161264099],[139.72904238659703,35.709343559258],[139.729076835128,35.70934577518756],[139.7291140598661,35.70934827890011],[139.72971571980486,35.709390225079005],[139.72980128400218,35.7093963332743],[139.73005044117508,35.7094135588888],[139.73116350239388,35.7094135588888],[139.7314418290773,35.70935327913071],[139.73157878143581,35.70932355923503],[139.73173211404605,35.70929050465321],[139.73184461743529,35.70926605388547],[139.7318171080733,35.70913383825621],[139.73177878076626,35.708948559028954],[139.73177044135298,35.70890883777281],[139.73165406008695,35.70834744138148],[139.7316546167673,35.7083449457628],[139.7316576393887,35.70833333281723],[139.73165766456975,35.70833327885788],[139.7316651622176,35.708304666927006],[139.73167321744518,35.708273278788965],[139.73168461725152,35.708229667065666],[139.7322373927417,35.70763410812776],[139.73242155591026,35.707422440993014],[139.73244654986854,35.70739383805534],[139.73252238699877,35.707389945789544],[139.73259128406073,35.70738605442301],[139.73265600467107,35.70738272063619],[139.73287822265206,35.70737105373132],[139.73321267242704,35.70770133335003],[139.73333333266737,35.7077046401572],[139.73333710802126,35.707704748075855],[139.73404182936713,35.70772410778153],[139.7341082227165,35.707927720587975],[139.73413461691916,35.70800910833384],[139.73420099857742,35.708212170755246],[139.73466849495526,35.708161054189475],[139.7347543316473,35.70816827934277],[139.73478571978535,35.708170774961445],[139.73490405977475,35.70818077542259],[139.73528406021137,35.70821244055185],[139.73538571957545,35.70822105425839],[139.73541600514466,35.708223558870316],[139.73543489000838,35.70833327885788],[139.7354349160887,35.70833333281723],[139.73546739330573,35.708522721046904],[139.7354840604412,35.70862077502892],[139.73558155594424,35.70876910830788],[139.7356426720719,35.708862440849146],[139.73576294380496,35.70904577484282],[139.73580824895168,35.70911466740813],[139.7358524119594,35.70918217142025],[139.73611075210965,35.709137720629485],[139.7364538003028,35.70907855872866],[139.73696936364536,35.7089988383259],[139.73852797688482,35.70875772109213],[139.73872213961522,35.70872772060801],[139.73974325594668,35.70858077498292],[139.74016102521136,35.70852077491401],[139.74146547295334,35.70833577537587],[139.74148155642888,35.70833333281723],[139.74148197101636,35.70833327885788],[139.74166666658357,35.70830530634498],[139.74167046711852,35.708304720886304],[139.74280769132213,35.708132441359226],[139.74305769115972,35.70805077482356],[139.7431729698568,35.70797383782252],[139.74324992214633,35.70791077466271],[139.74329797741996,35.70786744082989],[139.74336992228427,35.7077810537528],[139.7433768605539,35.707773279113724],[139.7434037997457,35.7077427210499],[139.74352852132438,35.70744494562791],[139.74425016881037,35.70510272071414],[139.74453461717906,35.70431633283266],[139.74462238741341,35.704073837837484],[139.74484961102087,35.70362022519339],[139.7449946168083,35.70347244140021],[139.74505377421247,35.703427441123665],[139.7450601692916,35.70342244089312],[139.74523099911153,35.703292441193355],[139.74550321670029,35.70319438721134],[139.74551267217225,35.70319105432384],[139.7457112838489,35.70308717093633],[139.74574905267684,35.70306744070996],[139.7457637736794,35.70304855944363],[139.74583238655555,35.70296022533432],[139.74587044136797,35.70291105400213],[139.7456384954204,35.70274438714392],[139.74557233499547,35.70270213519552],[139.74539433218285,35.70258827922589],[139.74526405998859,35.702521332793424],[139.74526321732378,35.70252077521377],[139.74512655005037,35.702450504887054],[139.74509544699742,35.70243438723736],[139.74499516179742,35.70238272118581],[139.7449771079074,35.702373558892816],[139.74479016943098,35.702277171354524],[139.7447429442317,35.7022530002759],[139.74468683462987,35.702240774892005],[139.7445829440478,35.70231661292149],[139.74447878097112,35.70230827890413],[139.74446128376144,35.702293000321845],[139.74431016887934,35.702162999722816],[139.74430321711998,35.70215772070242],[139.74413124516104,35.702029107757255],[139.74402625201014,35.70193383807634],[139.74391680901374,35.701834667136325],[139.7438448641493,35.70176938714769],[139.74369014298588,35.70162855871121],[139.74372763931933,35.701597720958205],[139.74412263325314,35.701273559427364],[139.74373542205228,35.70084577531247],[139.74360902683532,35.700692440903595],[139.74346763902054,35.70052133319314],[139.74320958485464,35.70021772117104],[139.74303596623702,35.70001327918965],[139.74302466895347,35.6999999998003],[139.74302464287314,35.699999945841],[139.7429279117939,35.69988605389841],[139.74281875478187,35.69978661316185],[139.74270791244044,35.69968577487879],[139.74205622591433,35.69892217132133],[139.74167038887754,35.69846794623891],[139.74166666658357,35.69846355934595],[139.74160483819287,35.69839077541411],[139.7414537224115,35.69818050492654],[139.7414406606581,35.69816217134729],[139.73998119317775,35.69629161296774],[139.73935202297764,35.69538717108122]]]}},{"type":"Feature","properties":{"ward":"渋谷区","code":"13113"},"geometry":{"type":"Polygon","coordinates":[[[139.68448313938552,35.690495612782456],[139.68442119318365,35.690368667180394],[139.68429481235592,35.69037672060932],[139.6840581449676,35.690391440712574],[139.68388341119066,35.690029774754464],[139.6837973020041,35.68989727943608],[139.6837617509043,35.689842838076686],[139.68368369604593,35.68972255914895],[139.68335481217503,35.68938227906909],[139.68334508420844,35.68934394636619],[139.68333674389578,35.68931183787117],[139.68333333276723,35.68929872125915],[139.68332814457835,35.689278667276824],[139.68328341140045,35.68910394609043],[139.6832598050961,35.689012558782736],[139.6832189488955,35.68871644081128],[139.68333333276723,35.68844677459913],[139.68333671871483,35.68843874814985],[139.6833439429688,35.68842172128558],[139.68361616055756,35.68809283831399],[139.68365450135434,35.68802977515418],[139.68367422798337,35.68799727905133],[139.6838092216185,35.68777533266564],[139.68384810560576,35.68775283792331],[139.6839519970872,35.687693107650944],[139.6841883919809,35.687556999755884],[139.68581452721878,35.68786227912108],[139.68586564198597,35.68787199989305],[139.68597980462448,35.68789338667062],[139.68611703037686,35.68734533262119],[139.68613147888482,35.68728727868512],[139.68591814530635,35.68721144065563],[139.6859248119806,35.68710450496911],[139.68594228311008,35.6868256126121],[139.68594255470532,35.68682283820357],[139.68593922181776,35.68676950480898],[139.68593727568486,35.686742278733334],[139.6859245008152,35.6865447750215],[139.68592033695415,35.68648199964474],[139.68591978027382,35.686471440704565],[139.68591060988695,35.68645089209514],[139.6858978341179,35.6864214410968],[139.68579505779587,35.6861878376987],[139.68562756176277,35.686124225053106],[139.68560505802714,35.686115613145205],[139.68556533137507,35.68610061335278],[139.68525783428186,35.68598366731254],[139.68515143998718,35.685943386678105],[139.68500282701905,35.68588672129533],[139.6849894936704,35.68588172106473],[139.68493282738825,35.68574561316967],[139.68518255473134,35.685473667176154],[139.68522172470296,35.68533089170745],[139.68523894941814,35.68526727906186],[139.68542700395324,35.68458033281627],[139.68543616085037,35.68454810830872],[139.68561061044147,35.683930333418346],[139.68562949440582,35.6838625587103],[139.68565089467324,35.68378727915979],[139.68593586285,35.68341174835365],[139.68600372209426,35.68333341380617],[139.68600380033524,35.683333332867164],[139.68663114131425,35.68260897302582],[139.68701391705883,35.682181748289224],[139.6871886382453,35.6819870270798],[139.68723169868417,35.6819520272644],[139.68738224429535,35.681829802203765],[139.68756308716695,35.68168313536859],[139.68758002589766,35.681669251634844],[139.68763085557976,35.68162786483424],[139.6876730868437,35.68159369419379],[139.68819752289755,35.68190477508546],[139.68833364518173,35.681985613345546],[139.68839616065452,35.68203172068752],[139.68852089482357,35.682123386785065],[139.68861477325333,35.682192279350375],[139.6886392222225,35.68221033324045],[139.68880588818138,35.68233283799026],[139.68886061012927,35.68237727888845],[139.68889367100633,35.68240422527492],[139.6890928267727,35.68256617069238],[139.69014197137506,35.683333332867164],[139.69014204871678,35.68333338682652],[139.69026338524725,35.68342199972568],[139.69031116712688,35.68345227899965],[139.69042116680362,35.68352172105074],[139.69046949367237,35.683552279114565],[139.69070644614578,35.683702278837245],[139.69087949369384,35.68381172093433],[139.6910281057626,35.68389005368317],[139.69124924815446,35.684006441244435],[139.69127396871886,35.68401950479648],[139.69132785969316,35.68404810773416],[139.6913939688568,35.68408283775295],[139.69166666668355,35.68428146831525],[139.69167007781198,35.68428394594753],[139.69186341136754,35.68442477528333],[139.69202785959817,35.684544775421216],[139.6921123086363,35.68460617123799],[139.69244897524015,35.68485144064164],[139.6926142544445,35.684971721368015],[139.69284036289264,35.685148666577845],[139.6930598046664,35.685303667430446],[139.69346258133328,35.68558783790854],[139.6938162001577,35.685831720557644],[139.69446204918438,35.686288387299385],[139.69490817137523,35.68657005406493],[139.69502955916698,35.686648946192065],[139.69521871627092,35.68674644079579],[139.69546316459355,35.68686005394852],[139.69581066083356,35.68700310820702],[139.69597455328324,35.68707089190832],[139.69647538303263,35.68727753183282],[139.69661260698638,35.687321134562865],[139.69666705643965,35.68733863986648],[139.69689594019565,35.68741141390581],[139.69806208839486,35.6878700267805],[139.69814180340165,35.68790113522937],[139.69891097286325,35.68820364018603],[139.69904430634983,35.688249748427324],[139.69913708221077,35.68828169414502],[139.69919791235395,35.688302802132796],[139.69921430609554,35.68830835994305],[139.69959652426041,35.68844058636415],[139.6998815302086,35.68853919792582],[139.699990973205,35.68857697304901],[139.69999999970037,35.68857997318736],[139.70000347558016,35.68858113511146],[139.70016152963103,35.68863391902033],[139.70020208815606,35.688788080805466],[139.7003679123494,35.68882363999916],[139.70064153018268,35.68888280189998],[139.7008373926318,35.688925026868674],[139.70091795120265,35.688942251583796],[139.70127572039837,35.68901919757809],[139.7014276653547,35.689051973370056],[139.7014918292847,35.68906308089663],[139.70210294379604,35.68916946799669],[139.70226377405413,35.68855280197039],[139.70220878141026,35.68850419811042],[139.70218489002082,35.68845419760328],[139.70223461713408,35.68830974759692],[139.7023445781399,35.687991134883134],[139.70246238663003,35.68800002737953],[139.70256377439887,35.688007532222],[139.70271014265916,35.68777197279849],[139.70291988344604,35.68780336003721],[139.7040387812649,35.68797141364996],[139.70405016938003,35.687973359782916],[139.70445155569496,35.688033640440324],[139.7045284953939,35.688045026756754],[139.7046023872905,35.68805613518265],[139.70462489012675,35.68806141420305],[139.70472461684778,35.688085026802696],[139.7047648902876,35.68809474757472],[139.70548766462423,35.688129197904345],[139.70559405981817,35.68809974780527],[139.70578016911963,35.6880480808544],[139.70584182933715,35.68797391916121],[139.70594267211675,35.68785308085518],[139.7060887813724,35.68754502708151],[139.70610489002888,35.68721225184413],[139.70619433210288,35.68703364019052],[139.70649627768125,35.68675336017958],[139.70670294368608,35.68654419765676],[139.70689267185946,35.686351972965326],[139.70711211363334,35.68614919832703],[139.7072012841121,35.685986694430596],[139.70721600511467,35.6859339186156],[139.70723461658451,35.68586780225746],[139.70724849492228,35.68581891870832],[139.70727433244463,35.68572697292166],[139.70729374790835,35.68536363962045],[139.7073184702714,35.68497419810092],[139.70732652370032,35.68460891866681],[139.7074076389515,35.68446280221673],[139.70771625210352,35.68436530581437],[139.70804902734096,35.68423558580383],[139.70831708196795,35.68417863983251],[139.7083333327173,35.684180972673914],[139.70833680859698,35.684181468200336],[139.70865847001255,35.684227532374905],[139.70900763899158,35.68420308070779],[139.70920985694954,35.68413974775132],[139.70929180317432,35.68411391922217],[139.70947069991303,35.683983918623085],[139.70964929987542,35.6839028015732],[139.70981985720084,35.683837802173],[139.70999041542552,35.68374891857792],[139.71016902707913,35.68364335975343],[139.71028457827083,35.68351474770759],[139.71039180263972,35.683470585599196],[139.71049180275463,35.68342946769593],[139.71056596624658,35.68339891862536],[139.71058347604674,35.68339169437138],[139.71077846975072,35.683375585714884],[139.7109731909602,35.68336725169746],[139.7111687809147,35.68336725169746],[139.71140739263728,35.68336725169746],[139.71146197069356,35.68333335984687],[139.7114619967739,35.683333332867164],[139.71155321680772,35.68327669356472],[139.71185211368424,35.6830500266376],[139.7123009734114,35.68270974835639],[139.71263291767514,35.68247753171289],[139.71286097315556,35.68233419776516],[139.71321875494175,35.68210919818114],[139.7134990268588,35.68184058597444],[139.7135720877818,35.68177030575515],[139.71393208819552,35.68151391893235],[139.71408902708708,35.68139225235075],[139.71417596634797,35.68132502712848],[139.71444846992108,35.681113919372024],[139.71452152994482,35.68105725219061],[139.7147895845718,35.68086225219133],[139.71476736682075,35.68076725230702],[139.7147245779771,35.68058530596727],[139.71471625205356,35.68055030615187],[139.71467763876217,35.68047113523488],[139.71456180338464,35.680233919260104],[139.71448152989888,35.68009030562325],[139.7144037484344,35.67995169401564],[139.71429927419229,35.67976513505312],[139.7142126326071,35.67961058566016],[139.71396985702347,35.679183081234385],[139.71362316477746,35.67857280219323],[139.7134987156934,35.67835364010858],[139.71290511008294,35.67728780229044],[139.71289705575475,35.67704446822779],[139.71290372242902,35.676902531826556],[139.71291983108551,35.67656725197725],[139.71296233484406,35.67621835998949],[139.71295788589794,35.6760936402095],[139.71294260731565,35.67564780220448],[139.71292841781246,35.67524253171763],[139.7129151357251,35.675000026829935],[139.7129151357251,35.674999999850286],[139.71289425436657,35.674618359949534],[139.7130784184344,35.67459753165093],[139.71368841778644,35.67461586523018],[139.71386508420642,35.67470113534927],[139.7146525548717,35.674999999850286],[139.71465263311268,35.675000026829935],[139.71472289174824,35.67502669442655],[139.71485955902165,35.67507808078898],[139.71489922182184,35.675000026829935],[139.71489922182184,35.674999999850286],[139.71508289216194,35.67463863966168],[139.71546230893864,35.67389030569319],[139.7160045533676,35.67401002704128],[139.71615732839814,35.67404364010207],[139.71655841793677,35.6734330813718],[139.71662147929806,35.67330891917146],[139.7166666666335,35.673220135401095],[139.71667007776205,35.6732134138681],[139.71681841823556,35.672921973270604],[139.7168481453258,35.67286613526409],[139.71689730226888,35.67277502674625],[139.71694092118673,35.67269336021059],[139.71700564179707,35.672572801593674],[139.71680452730732,35.672480864800264],[139.71667007776205,35.672419306206166],[139.7166666666335,35.672417747681095],[139.7165600780853,35.67236891899057],[139.71653758783964,35.67237586535407],[139.7162025813842,35.672481134596865],[139.71612869038688,35.67251613531158],[139.7160736959445,35.67254225162378],[139.7157073022504,35.67271558605563],[139.71547619986688,35.672798919035074],[139.71493341134806,35.672994467620754],[139.71465785997248,35.67262113475772],[139.71455730227785,35.67254919798728],[139.71450258122934,35.67246141426301],[139.71433452671727,35.672192802056315],[139.7146084179443,35.672081135036535],[139.7145411927221,35.67192086505605],[139.71452647171952,35.671886135037255],[139.71451036306303,35.671847531638434],[139.7143017509252,35.67154725160452],[139.71423620024063,35.67143335966199],[139.71423620024063,35.67113197256265],[139.71400866366912,35.67086280187698],[139.71383783384908,35.67051835973467],[139.71373505842644,35.67031086455495],[139.71408616094777,35.67004864023272],[139.71408922223998,35.670046694099824],[139.71417311279913,35.66999225184111],[139.71420422844255,35.66997225181814],[139.71430978007243,35.66990391863112],[139.71461561611795,35.669705865433514],[139.71470810599442,35.669591693801806],[139.71466839193295,35.66954086501909],[139.71453505844636,35.66937002710523],[139.7143933846471,35.66918808076548],[139.7138125548057,35.66934891911751],[139.71347727585578,35.668986414091876],[139.71289338472207,35.6683475321131],[139.71267282688962,35.668105892373205],[139.71178891112947,35.6671183873039],[139.71156058405393,35.66686338723571],[139.71151335885463,35.66681061321941],[139.71138197060168,35.66677866660234],[139.71128221780032,35.666666720792705],[139.71128219172,35.66666666683335],[139.71102114101302,35.66637366681147],[139.71101391675904,35.66636561338254],[139.71095058380263,35.666294504887674],[139.71084114080622,35.666219774822935],[139.71071919633403,35.66617033279476],[139.7107064196657,35.666165053774364],[139.71060891067282,35.66613977473099],[139.71055169940155,35.66612505372842],[139.71044031117162,35.666084774892624],[139.71043586312476,35.666083108448845],[139.71026252869297,35.66602033307208],[139.7102475226053,35.66601144057569],[139.71016280197193,35.66596061269229],[139.70988752309086,35.66565505363798],[139.70959082955335,35.66533505416959],[139.70956416285605,35.66530617064342],[139.70953916979704,35.66527922515627],[139.70934250335404,35.66506727923172],[139.70931778189026,35.665040892223544],[139.7092925028469,35.6650133873581],[139.70870527882573,35.6643806126753],[139.70863749692307,35.66423005357427],[139.70862583721282,35.66420477543022],[139.70860416265214,35.664156441366856],[139.70856389101095,35.66406700019206],[139.7093205580975,35.66354533315075],[139.7099561089874,35.66314089183885],[139.71002333331035,35.66308061298008],[139.71003277619184,35.66307200017286],[139.710228340066,35.66289672140675],[139.71027027185573,35.66284755906776],[139.71054472066248,35.66252477529832],[139.71107999984224,35.661895613192144],[139.71154916985847,35.66137227880779],[139.71164360586795,35.661257558589625],[139.71183472079588,35.66102561264205],[139.71201277576915,35.66086533276905],[139.71216250299733,35.66073033283874],[139.71231778174047,35.66063533295443],[139.71235944193484,35.6606097751212],[139.71239722425264,35.66058644131141],[139.7127974972069,35.66034144080504],[139.71283444855112,35.66031866727286],[139.71287861155884,35.66029172088639],[139.71326693881838,35.660053666743465],[139.71379250262203,35.659758386940155],[139.713772775993,35.65967394599596],[139.7134505578971,35.659110053985955],[139.71336997414517,35.6590172790244],[139.71327968940636,35.65891338664363],[139.71302775602635,35.658622838173585],[139.71287775630356,35.65845005412689],[139.71297108884482,35.65840117057775],[139.7131001946185,35.65833338687645],[139.71310031063103,35.65833333291715],[139.71319914432524,35.658281441135784],[139.71367330737746,35.65801727877454],[139.71369219224107,35.658003386946916],[139.71393747063792,35.657823107950264],[139.71427858618802,35.657512000078896],[139.71446386541527,35.65734810762922],[139.71459469518925,35.65727838678828],[139.71474664104483,35.65721755934305],[139.71497997374695,35.65714283827151],[139.7151649678891,35.65710644090967],[139.71520941598192,35.65709755920517],[139.71578053224596,35.65698533280704],[139.7161838646938,35.65694617092919],[139.716248858698,35.65693977495084],[139.71631552544136,35.65693338706632],[139.71649330702064,35.65691617134439],[139.7166666666335,35.65690183794965],[139.71666997434,35.65690155915979],[139.71672858585578,35.6568967208072],[139.71750525296522,35.65667810820827],[139.7178513615513,35.65655894623853],[139.7180452787668,35.656982278709336],[139.7181886118152,35.65693255879074],[139.71847360607228,35.6568339463297],[139.72015834023534,35.656228666619825],[139.72153834002256,35.655744468032935],[139.72171610901137,35.65568197324461],[139.72197389068265,35.655603359907275],[139.7220413883996,35.65560030580963],[139.72209999991526,35.655603359907275],[139.72216138763815,35.655623919308596],[139.72227972762755,35.65570086530283],[139.7223813878909,35.655768640010876],[139.72251888523851,35.65586058579754],[139.7225991704156,35.65591446777864],[139.72265583669764,35.65596169387726],[139.7227927755663,35.65607530613062],[139.72276333266188,35.65593197308226],[139.72273194632248,35.655866414303716],[139.72269805357246,35.655808918846674],[139.72261138770557,35.655660585567716],[139.72253055843873,35.655522251850584],[139.7220619460022,35.65486391933456],[139.72163775557817,35.65399199963122],[139.72156968859042,35.653832279136566],[139.7215519197855,35.65373755894137],[139.72155802888005,35.653616171149565],[139.7216674709772,35.65303505442438],[139.72173608295407,35.6526478378276],[139.72180747113805,35.65248672068577],[139.72187552463595,35.65239783799001],[139.7219466412247,35.652365332893964],[139.72201163432965,35.65235644129689],[139.7221608039781,35.65234894634699],[139.72216496783915,35.652348666657815],[139.72218941590904,35.652347558693066],[139.72240552479536,35.65232977459959],[139.7224194157236,35.65220894618608],[139.722490246328,35.651046999619496],[139.7225088586971,35.650843386812994],[139.72251275006352,35.6508025593908],[139.72252496825286,35.650670612658814],[139.7225388591812,35.65051977476793],[139.7225446948819,35.65045727908034],[139.7225758114247,35.650284504926105],[139.7226268353603,35.65000005385957],[139.7226268353603,35.64999999990022],[139.7226280287607,35.64999338718525],[139.72263442294047,35.649969225099824],[139.72264941643755,35.64991310830345],[139.72270914401201,35.649688667198404],[139.72277775598877,35.64943144130814],[139.72295243760504,35.648775613403984],[139.7230332812611,35.6484725589616],[139.72312050560697,35.648230892242054],[139.7232802198065,35.64778894560351],[139.7232563293163,35.64773589189804],[139.72324383863247,35.64770783844614],[139.72312549864307,35.6474442246714],[139.72311577157575,35.647422279414855],[139.72308328086888,35.64734977517213],[139.7230477171786,35.647270613248395],[139.72301800267883,35.647204774780676],[139.723014668892,35.6471970001416],[139.72297910520172,35.64711783821781],[139.72319050613714,35.646959505377026],[139.72336939028526,35.646821170760575],[139.7235602201282,35.64670117062269],[139.7234899480029,35.646594775428696],[139.7234521656851,35.646537279072334],[139.72332216598534,35.64634005415036],[139.7231241631498,35.64601855910939],[139.72293133591256,35.645705333334604],[139.72275189418474,35.645486171249956],[139.72278827535877,35.64531477485713],[139.7228154987365,35.64518727886997],[139.72285549878245,35.64499894644439],[139.72286800295615,35.64494033313002],[139.72275883335362,35.64478283755807],[139.72268661509543,35.64467810790853],[139.72262800268038,35.644593387275165],[139.72249214030023,35.644397279311136],[139.72240213974715,35.64439810758677],[139.72236130962688,35.64439866696506],[139.7223168606348,35.644398945754915],[139.72223936425542,35.64439977492981],[139.7222221404396,35.644400053719664],[139.72192214009488,35.64440310781731],[139.72190880674623,35.64440310781731],[139.7214593642584,35.64440783825131],[139.72144046680432,35.64440783825131],[139.72131686128432,35.644409225005916],[139.7209571342645,35.64395172099529],[139.72065435771265,35.64354755937251],[139.72060936373134,35.643487559303594],[139.7205268608261,35.64337727903836],[139.72017630419327,35.64290977456659],[139.72004741875355,35.64273755889138],[139.7200237998586,35.64270644144926],[139.71995435780752,35.642613667387025],[139.71969158220088,35.64224894643189],[139.71956658902707,35.64211505356701],[139.71956075242701,35.64210894627104],[139.71952907920377,35.64208061312996],[139.71943963712977,35.64200005365973],[139.71920241216174,35.64184755921764],[139.7188840602514,35.64168644117649],[139.71884350172638,35.64167617091874],[139.71880658905297,35.641666720842636],[139.71880632914895,35.64166666688334],[139.7187729436166,35.641658108035415],[139.71868321735678,35.641648387263444],[139.71839433173318,35.641661171126316],[139.71764099933284,35.641661171126316],[139.7172929437146,35.64165397295267],[139.7172659136911,35.64166666688334],[139.7172657464173,35.64166674782234],[139.71680988277,35.64188091866964],[139.71666988260915,35.641938387147036],[139.7166666666335,35.64193969386196],[139.7165318285812,35.641995081308096],[139.71646683457698,35.642055081377066],[139.7164343321789,35.64208535975172],[139.71640294404085,35.642114252271085],[139.71632988311774,35.64218174818927],[139.71613433183416,35.6423850813066],[139.7160326715707,35.64231425160159],[139.71593072622227,35.642243413802646],[139.715816835179,35.64234925231631],[139.7157562784297,35.64241397292665],[139.71571211362334,35.642433972949675],[139.71565155597466,35.64245008070685],[139.7155748896696,35.64247841384787],[139.7155223872486,35.64255453156653],[139.71547406037973,35.6425989733641],[139.71540961136463,35.64261508112128],[139.71539377430338,35.642615919289426],[139.7152360053376,35.642623135449526],[139.7149396112742,35.64258591880525],[139.7145201692706,35.64253369427473],[139.71429878136382,35.64250591871337],[139.71303544702846,35.64231619773449],[139.71261544744516,35.6422350806846],[139.71225933929725,35.64216619801181],[139.71214044082888,35.642143134897935],[139.71194627809848,35.642105640363184],[139.71188849485839,35.64209453193729],[139.711758222664,35.642077026633615],[139.7116246166829,35.64205897274354],[139.71154710771305,35.64204869439192],[139.71103072598737,35.641979252340775],[139.7109887807078,35.6419736936312],[139.7109484946775,35.64196813492168],[139.71086710783095,35.641957306184906],[139.71071377432145,35.641937306161935],[139.71062516232155,35.64192925183369],[139.7105484951171,35.64184869416209],[139.710448807067,35.64166674782234],[139.71044878098667,35.64166666688334],[139.7103940338577,35.64156674770743],[139.71037763921686,35.64153702691243],[139.7103345778786,35.64145813478524],[139.71024486420924,35.64150397322993],[139.71010708177653,35.64157425165058],[139.7099870816387,35.641603135176695],[139.70972102530527,35.64166666688334],[139.70972063589886,35.64166674782234],[139.70938902708212,35.64174591873933],[139.7086237480877,35.64200758638117],[139.70833652441127,35.64219227925048],[139.7083333327173,35.64219433330203],[139.70795374776742,35.642438413801926],[139.7075312453709,35.64269397324841],[139.70742041472056,35.64280925194561],[139.707295422446,35.64294758566274],[139.70673902718454,35.64336369387951],[139.70644457835476,35.64358369413236],[139.70614347634057,35.643751747745114],[139.70605875480783,35.64379897294441],[139.70546736692563,35.6441292516638],[139.70518791159304,35.64430813491265],[139.70475124487427,35.64458758574864],[139.7041501434146,35.64497202703757],[139.70341625165884,35.64550313516173],[139.7030909731701,35.64573841399675],[139.7025779117414,35.64610983759911],[139.70253902685477,35.64613817074013],[139.70243736659143,35.64621177485367],[139.70241319101615,35.64622761281424],[139.7024090271551,35.64623038722277],[139.70215625200956,35.64639622490603],[139.7021559660252,35.64639622490603],[139.70202347610268,35.64648344115807],[139.70201486419478,35.64648899986764],[139.7017995853828,35.6466303867831],[139.70177902688079,35.64664372103107],[139.70153457765878,35.64691622460424],[139.70131680862403,35.64707038728869],[139.70120791241538,35.647147612972105],[139.7010904150908,35.64723066716175],[139.7010804146296,35.64723761262587],[139.70026763884061,35.64775094564976],[139.70000319139433,35.64790819840482],[139.69999999970037,35.64791008068585],[139.69987569360853,35.647983999562086],[139.6997395848142,35.64806510761878],[139.69969929968306,35.6480889999076],[139.69892596636043,35.648679838304076],[139.69869625163085,35.648855386866785],[139.69853985682914,35.648992892308286],[139.69821069956436,35.64928261340208],[139.69755680879985,35.64985789172846],[139.69739377430346,35.64999999990022],[139.69739364480108,35.65000010781887],[139.69717791183132,35.65018817134717],[139.69686958466377,35.650456774560666],[139.69671347584642,35.65047566661889],[139.69658847008202,35.650490667310635],[139.69589097299024,35.65068177504406],[139.6959398574387,35.650752891632806],[139.69589097299024,35.65095510779213],[139.69597985658527,35.65112205433951],[139.69600347637947,35.6511662254411],[139.69586875523908,35.651259837671546],[139.6956470822472,35.651414279145854],[139.69528263288737,35.65157927866096],[139.6951776388371,35.65172650487449],[139.69511846974171,35.65180955906408],[139.6949556942501,35.65214399984586],[139.69441569362948,35.65263983835803],[139.69427791209614,35.65276622458174],[139.69378461686676,35.65319594583639],[139.69375822266397,35.65321899995706],[139.69343849479083,35.65349705414587],[139.6932179513476,35.65365817128776],[139.69320267186595,35.65366955940283],[139.69319489003237,35.65367510821983],[139.69313016942192,35.653722333419125],[139.69308544703597,35.65375510831177],[139.6930379511407,35.653798171448614],[139.6930360050078,35.653800107688994],[139.69303461735387,35.65380122464694],[139.6929432165564,35.65388400004673],[139.69289961112838,35.653946225038396],[139.69289128430546,35.6539584414291],[139.69239294387944,35.6547278923785],[139.69231350226653,35.65485038723574],[139.69225016931,35.65494789173198],[139.69196795126015,35.65538372118198],[139.6918332166298,35.65559317058853],[139.69166988265908,35.65584708067837],[139.69166666668355,35.65585208090897],[139.69165238724804,35.65587427887505],[139.69163155625154,35.65590677497784],[139.69147211364725,35.65615455888593],[139.69114211371777,35.65665289211745],[139.69107128401276,35.65672789197879],[139.69105600543048,35.65674427942514],[139.69089710781543,35.65691261272707],[139.69079488997238,35.65702122474988],[139.69077294381646,35.65704427887056],[139.69077238713612,35.65704510804545],[139.69040710770207,35.657549278776344],[139.69038961139165,35.65757372055094],[139.69033600460307,35.657667613369824],[139.6902801692945,35.657765107973546],[139.6902121139981,35.65788455862565],[139.69004795085243,35.658077332802804],[139.68982972766003,35.65833333291715],[139.68982963682845,35.658333440835804],[139.68982182891443,35.65834261302132],[139.6896396109795,35.65848455931513],[139.68954571995914,35.65857150487119],[139.6895054474187,35.65861177471379],[139.68943099884166,35.65869261297388],[139.6893498826911,35.65884066656366],[139.68930488960916,35.658914278771135],[139.68927739283754,35.65893733289175],[139.68923461658449,35.65894955917497],[139.68919488993242,35.65895400002722],[139.68915294375358,35.65894899979668],[139.68913072600242,35.658946505077324],[139.6890665503812,35.658934278794106],[139.68900544684402,35.65891733286878],[139.6889229439389,35.65891289201653],[139.68884072611877,35.6589103874046],[139.68882044101076,35.65890983791883],[139.6887912840907,35.65890983791883],[139.68876544656825,35.65892650505435],[139.68873489030307,35.6589678918549],[139.68870878118548,35.65900455901334],[139.68868294366314,35.659038171174814],[139.68865238739795,35.65908844057924],[139.6884048903736,35.65952844108483],[139.68814128379336,35.66007233307187],[139.68830072639753,35.66019177473078],[139.68810155624203,35.66055038659124],[139.68804155617306,35.66074150511656],[139.6880112840937,35.66083344101065],[139.68782710833455,35.6610378919853],[139.68761128363406,35.66126955914302],[139.68743905267036,35.661462053631055],[139.68733099912652,35.66157122503216],[139.68718321713197,35.661693720788776],[139.68702350203318,35.66180900038523],[139.68686377434392,35.66189289184365],[139.6865948896426,35.662004837653285],[139.68652933895805,35.662024000407484],[139.6864087812404,35.662059558701856],[139.68626739342562,35.66210094640172],[139.68593377372486,35.662194000153136],[139.68565795075403,35.66234955858545],[139.6856082227415,35.662377612936666],[139.6854098826601,35.66251566696462],[139.68527155613754,35.66259372092367],[139.68502128380533,35.66266899957486],[139.68475377416758,35.662713999851405],[139.68443822274594,35.66277983831907],[139.6843121144127,35.662830945891585],[139.6842309991615,35.66287594616813],[139.68414377391616,35.66290899985063],[139.68398238697773,35.66292594577595],[139.68380627813735,35.66293510806895],[139.68347849503664,35.66291927910163],[139.68333654964226,35.6628956674013],[139.68333333276723,35.66289513500266],[139.68324795113222,35.66288094639873],[139.68298878090764,35.662869837972835],[139.68271766498844,35.662885666940156],[139.68244849520204,35.662923999643056],[139.68222961100787,35.66297817120579],[139.68204182896739,35.66303872076054],[139.68186739286602,35.66310538660446],[139.68122128393532,35.66335344120853],[139.68107350194077,35.66340372140479],[139.68044710794788,35.663617612562916],[139.67993795137556,35.663766775016825],[139.67965902664298,35.663815386970725],[139.67946347625855,35.66383317106414],[139.679347911577,35.66384372101106],[139.67890625182224,35.663872081131785],[139.67878236121715,35.66388458620486],[139.67834041457866,35.66392874831325],[139.6778798573697,35.663948748336225],[139.67717457844424,35.66390819790519],[139.67645542208027,35.66384346830159],[139.6758526325931,35.663826802065444],[139.6754354218075,35.66381513516052],[139.6752131912359,35.66382708085524],[139.67505464255794,35.663866532314785],[139.6750323609549,35.663872081131785],[139.67500319144426,35.66387950503531],[139.67500291805038,35.66387958597426],[139.6749999997504,35.66388053206106],[139.67499430614248,35.663882360382786],[139.6748331907993,35.6639318024109],[139.6746998573127,35.664016532037465],[139.67453403401862,35.66415791895298],[139.6744406996787,35.66425569414514],[139.67435625243922,35.66434402735513],[139.6742968090507,35.66441513495067],[139.67423347609417,35.664523747872806],[139.67418625179425,35.6645987477342],[139.6741081969359,35.66475486464543],[139.6739831911715,35.665005413968856],[139.67384902671142,35.665258198107495],[139.6737001430473,35.665539306394066],[139.67362347584287,35.66568374830649],[139.6735543062864,35.66581374800626],[139.6734979115995,35.66591986530972],[139.67335180324335,35.66619374844288],[139.67331569366456,35.66626180194078],[139.6732912446954,35.66630764038547],[139.67315791210808,35.666565973341164],[139.67311775558017,35.66666666683335],[139.67311769082892,35.66666680173171],[139.6729368092865,35.66712013468663],[139.67292208828394,35.667157640013215],[139.6728623607096,35.66730708125698],[139.6728259660457,35.66740013500839],[139.67280596602268,35.66748069357931],[139.67277153008217,35.66771763975743],[139.67276958484865,35.66773125189593],[139.6727662519611,35.667746802073395],[139.67268708194342,35.668124585681255],[139.67264263295135,35.66833597312683],[139.67264319143032,35.66840569396777],[139.67264486416934,35.6685754140243],[139.6726459658388,35.66868374815664],[139.67257958507992,35.66906625230587],[139.6725254216111,35.66929958590731],[139.67251652371874,35.66933874778516],[139.67251041462407,35.66936541358314],[139.67247350195078,35.669524027012415],[139.6724221137897,35.66974569370899],[139.67240099860737,35.66983735980648],[139.6723857200251,35.66990319827414],[139.67234795119714,35.66998291867691],[139.6723751619843,35.670207919160305],[139.67239571958692,35.670423197972355],[139.6723993393582,35.67045986513085],[139.67241933938124,35.6706698649225],[139.67245988261766,35.67116513506312],[139.67250766539667,35.67139597304589],[139.67256099879125,35.671654279021936],[139.67270058436463,35.672278919336804],[139.67270433183967,35.67229566741128],[139.6726945013503,35.67229408100718],[139.67239654966124,35.67224622538316],[139.67225933919735,35.672224279227294],[139.67212241201992,35.67219655942387],[139.6721198570459,35.67219605400487],[139.67180099881728,35.67213153214465],[139.67163267181058,35.67209735970556],[139.67160072609283,35.672090972720355],[139.6714460049294,35.67205958638095],[139.6708704406185,35.67197625160287],[139.67085780784168,35.6719744682473],[139.67082905291863,35.6719704141035],[139.67078377385224,35.671963748328494],[139.6706029435711,35.67193764011017],[139.67025933869775,35.671828748398184],[139.67015383922842,35.67181294641051],[139.6701387809801,35.67181069360879],[139.6701021138217,35.67180541368907],[139.67006238716965,35.67179930639304],[139.6699198832962,35.67177819840532],[139.66914652389312,35.67183653203051],[139.6687291961956,35.671862413619635],[139.6686718032613,35.671865973136335],[139.66861625213846,35.671869585712955],[139.6684629177297,35.67187902679581],[139.66826236081943,35.67184791924626],[139.66732902731292,35.671704026819555],[139.66705124471935,35.67170625174231],[139.667006809217,35.671706532330745],[139.66686347616871,35.67170764029555],[139.6666698566288,35.6717040537992],[139.66666666673348,35.671703999839906],[139.66627902655603,35.67169680166626],[139.66611347575645,35.67168541355119],[139.66607513585905,35.67168291883178],[139.66604097331242,35.67168041421991],[139.6648626330043,35.67159902737336],[139.6643103890134,35.67156236021492],[139.66423594043647,35.671557639673495],[139.66383483830737,35.67153086505755],[139.6636992736028,35.67152180168995],[139.6631648379871,35.67148653207795],[139.66310399525332,35.67148513543083],[139.66297586344547,35.671482081333124],[139.6627531652266,35.671476775333076],[139.66249844394815,35.67147069411743],[139.66205927441615,35.67144346804179],[139.6619823347171,35.67148291860195],[139.66194121861258,35.671534865241995],[139.6619173281224,35.67156486482679],[139.66185622638397,35.67164208061769],[139.66177666695978,35.67187094638723],[139.66177038879255,35.67188902725695],[139.66176260695897,35.67191097341288],[139.66174344960075,35.672071532075734],[139.6617315048053,35.672170972812296],[139.661729831167,35.67218569381487],[139.661729831167,35.67228986498543],[139.66173511018735,35.672388748142396],[139.66175622626895,35.672522918897755],[139.66180011678216,35.67281097264845],[139.66180260700492,35.672826252129994],[139.66182678258008,35.67298513535587],[139.66184955881022,35.673133748324005],[139.66190316469942,35.67327486544286],[139.6619109474325,35.673294864566515],[139.6619876128383,35.67334625182821],[139.66209844438788,35.67342097289975],[139.66214124492274,35.67366986477259],[139.66210069988756,35.67374153174649],[139.66208430614597,35.673770694062455],[139.66208263340695,35.6737737481601],[139.66197430556997,35.674215135420354],[139.66187958537478,35.67438902743186],[139.66185319117199,35.67443764028502],[139.66180708203137,35.67452236001907],[139.66165596625,35.67445764030799],[139.6615912447403,35.67464653211192],[139.66159513610683,35.67475069428929],[139.66165347602725,35.67483513523348],[139.6618075883497,35.674999999850286],[139.6618077169528,35.675000134748586],[139.66184486434918,35.67503986499793],[139.66187791173638,35.67512819820797],[139.6618890273569,35.675157640213115],[139.66190958495952,35.67521236036231],[139.66197430556997,35.67532569382587],[139.66197430556997,35.675476531716754],[139.66205513573607,35.67562208069461],[139.66217929973504,35.6757029189547],[139.66228457797104,35.675735414158225],[139.66232347634752,35.67574735985295],[139.66247596629296,35.675794585951564],[139.66312153023466,35.675993468324066],[139.6631531908672,35.67600319808929],[139.66319347599824,35.67601569416911],[139.66346596608162,35.676126532013996],[139.66383457840323,35.676261531944306],[139.66386763928028,35.67627346774651],[139.663901556312,35.67628597281953],[139.66407766515226,35.67635041374075],[139.66412072559115,35.676347919021396],[139.6643932165739,35.67644486503866],[139.66468294396282,35.67658819808702],[139.66471710830808,35.676605135019145],[139.66474933911093,35.67662097297966],[139.66500267183596,35.67674653182712],[139.66539155577584,35.67698458597005],[139.66547155586784,35.677058467974064],[139.66551571977482,35.67712125234408],[139.66553600488294,35.67714958638447],[139.66555878111308,35.677181801898826],[139.66563933878467,35.67729625232033],[139.66597905319088,35.67786764017961],[139.66616627765177,35.67813289161984],[139.66620822293135,35.678192612898954],[139.6663040861648,35.67832844110484],[139.66665547287198,35.67873289230931],[139.66666666673348,35.67874586502984],[139.6666699222793,35.67874961340408],[139.66667824910212,35.67875927931743],[139.66669741905082,35.67878122457404],[139.66716658906705,35.679320946404744],[139.66722131011556,35.679375108074964],[139.66762713368541,35.67977566701359],[139.66763574559332,35.67978010786584],[139.66767824935187,35.67980317097971],[139.66777741939256,35.67985677507028],[139.66783880711546,35.6799489996468],[139.6679654730283,35.68001927896671],[139.66812852101464,35.680084837745255],[139.6683174191138,35.680162612914444],[139.66837630402335,35.680187053789666],[139.66846852140532,35.68022510770271],[139.66890216640206,35.6805290003133],[139.669015227371,35.68060817123029],[139.66922827496512,35.6806976133044],[139.6695132809134,35.68081705406394],[139.67008383869836,35.68107789163156],[139.67107883332164,35.68141650526769],[139.67112688679651,35.681432891814666],[139.67115994767357,35.681444279030416],[139.67130272404165,35.681492891883636],[139.67137522738506,35.68155455929565],[139.67140133560338,35.68157705403797],[139.67189080421747,35.6819942792128],[139.67191830098898,35.68201844129817],[139.67194330663847,35.68204066714321],[139.67212163410636,35.682197892019246],[139.6724135801228,35.682455386806794],[139.67243719811836,35.68247650468709],[139.67245914427428,35.68249566744129],[139.67281080437533,35.68280594613765],[139.6728955250087,35.682870666748045],[139.67292080405207,35.68288983759612],[139.67336108874338,35.6832259187413],[139.6733963547581,35.6832800813109],[139.67341442303734,35.683308413552595],[139.67343063601527,35.683333332867164],[139.67343069986714,35.68333341380617],[139.67348108888132,35.68341146776521],[139.67354608288565,35.683512027258416],[139.67362608297753,35.68355508140206],[139.67399247667163,35.683655080617655],[139.67430360612673,35.68393646769397],[139.67448583665225,35.68412564008639],[139.67460805361895,35.68419646799276],[139.67464722359068,35.68421925231678],[139.6747416730899,35.68427397336535],[139.6749999997504,35.68446617107708],[139.67500333263786,35.6844686397161],[139.67506055829836,35.684511198333325],[139.67515916985997,35.68467064003818],[139.67519138807234,35.6847228645687],[139.67524610912085,35.68481119777874],[139.67556306078677,35.68538508125664],[139.6758327755623,35.685860918846515],[139.67591916983395,35.68588535972174],[139.67614085631567,35.686118973012356],[139.6761594677854,35.686133134636634],[139.67621169861116,35.686173134682576],[139.6762433592438,35.68619758634969],[139.67632557706395,35.686260359927815],[139.67650141430897,35.6864150810913],[139.67653224396804,35.686442306267566],[139.6765728015937,35.686477864561994],[139.6767880804058,35.68666758644014],[139.67708975438882,35.6868400809052],[139.6775400260516,35.68718536031628],[139.67792169922723,35.687431467888075],[139.677969467617,35.68745786478877],[139.678068080078,35.687512027358366],[139.67815919579039,35.68758286515725],[139.67815975426947,35.68758341374371],[139.67901367134402,35.68824786524692],[139.6791611673542,35.688446467930305],[139.6791797797232,35.68847174787305],[139.67923089538965,35.68854064043836],[139.67944144017054,35.688742585901764],[139.6794639430068,35.688764252368514],[139.67952282701708,35.68880202659244],[139.6795533850808,35.68882146813644],[139.6795800517781,35.68883869375088],[139.6796350579118,35.68887369356628],[139.67977311283903,35.68902561334153],[139.6798256161594,35.68909755910522],[139.67984616117155,35.68912617103615],[139.6798706101407,35.68915950530709],[139.67992644634865,35.68923589192303],[139.68005005186853,35.68936422517902],[139.6800739432581,35.68941199986409],[139.68010394284283,35.689472559311355],[139.68014533144208,35.68955533291245],[139.6803356162958,35.68979755901029],[139.68043588800606,35.689856441221934],[139.68046394325654,35.6898731083574],[139.6805322827388,35.68991338719326],[139.68072116734822,35.69002450472726],[139.68083783369923,35.69010172141748],[139.6810406362166,35.69023617096269],[139.681559533346,35.690526440642884],[139.6817745270729,35.69067033306959],[139.68180758794995,35.69069227922546],[139.68191230860634,35.69076255944475],[139.68213591424126,35.69091199978914],[139.6825598051911,35.69114533339058],[139.68272702962884,35.69125033283677],[139.6829367443355,35.691381721089726],[139.68298786000196,35.69142144144655],[139.68301258056636,35.69144033260545],[139.68303674355104,35.691459224663674],[139.68322230876277,35.69160310809713],[139.68325286592722,35.691626720696775],[139.6833042801686,35.69166666678342],[139.68330433232927,35.69166672074272],[139.68333333276723,35.69168917141832],[139.68333674389578,35.69169183790814],[139.68337425371897,35.69172089230551],[139.68347369625428,35.6918403330651],[139.68362817100342,35.69197033276481],[139.68399011665076,35.69199061337628],[139.68445538270987,35.692024505226925],[139.68419427984236,35.691684225147014],[139.68423613518962,35.69166672074272],[139.68423625210153,35.69166666678342],[139.68445345006683,35.691575891914056],[139.68448955874635,35.69156089212163],[139.6845217769586,35.69154727908381],[139.6848184444159,35.69142338668013],[139.6848101166937,35.69124255909696],[139.6847389749239,35.6910183868892],[139.6844978603881,35.69052561326663],[139.68448313938552,35.690495612782456]]]}},{"type":"Feature","properties":{"ward":"港区","code":"13103"},"geometry":{"type":"Polygon","coordinates":[[[139.77128891115456,35.62841169414452],[139.77127600498386,35.62840953217432],[139.7712670558301,35.62840969405232],[139.77125391673508,35.628411134766225],[139.77123944214668,35.62840925158588],[139.77122854686013,35.6284042522546],[139.7712058749513,35.6283905861568],[139.77118182887853,35.62837946783833],[139.77117202267084,35.62837846779223],[139.77116428040745,35.62837919804173],[139.77115379970826,35.6283839455628],[139.77114561587769,35.62839053219744],[139.77113878103012,35.62840097332645],[139.77113092095544,35.628419639654794],[139.77112880664924,35.6284322517472],[139.7711280287357,35.628443693821566],[139.77113000004965,35.62845091897492],[139.77113639422942,35.62845741387872],[139.77115163414078,35.62846669398289],[139.77116422824668,35.62847346767654],[139.7711782225971,35.62848033310104],[139.77119622612508,35.62848338719874],[139.7712150057681,35.628482612882465],[139.77124128395826,35.628477748449484],[139.77126413663075,35.62847091899789],[139.77127639439027,35.62846450503304],[139.77129130964636,35.62845513499667],[139.7712961605895,35.62844802675522],[139.77129749698213,35.62843874844964],[139.77129783422788,35.628426468207124],[139.7712953053342,35.62841855866969],[139.77128891115456,35.62841169414452]]]}},{"type":"Feature","properties":{"ward":"港区","code":"13103"},"geometry":{"type":"Polygon","coordinates":[[[139.7668907263261,35.62774177476325],[139.76717657583845,35.627568882797846],[139.76760766496193,35.6273384414161],[139.76755616078833,35.62727569391831],[139.76712033673437,35.6275032250939],[139.76712795129413,35.62751234242086],[139.76701605674577,35.6275691705809],[139.76690230869474,35.62747950457566],[139.76667930020972,35.62759177504057],[139.76666997424013,35.627579612609225],[139.76666968915504,35.627579278960695],[139.7666666674329,35.6275753057559],[139.7666173018472,35.62751080188218],[139.766640051997,35.62749919792981],[139.76651477283872,35.62733569398728],[139.7664928024011,35.62731025216658],[139.76645661458133,35.627287332944206],[139.76641335898955,35.627266224956486],[139.76637308734826,35.62725250489933],[139.76632847018288,35.62724219776936],[139.7662917247834,35.62723541418319],[139.76624778210964,35.62723305436214],[139.76620383943578,35.62723527928489],[139.7661597798501,35.627243359693466],[139.76612002621846,35.62725877497263],[139.7660830218142,35.62728027866211],[139.76604944202836,35.62730830603368],[139.7660237996588,35.627338586206974],[139.76600355412086,35.62737099957212],[139.76598963711228,35.62740597330719],[139.7659835280176,35.62743310765194],[139.76598238677786,35.62746880174399],[139.76598666665154,35.627502973283754],[139.76599866360766,35.62754172057413],[139.7660164198221,35.62757653243119],[139.76604199744042,35.62761574826834],[139.76610827477725,35.62770486478786],[139.76613044126702,35.627693305801586],[139.7661309340955,35.62769304499818],[139.7666666674329,35.62837786524648],[139.76667000032046,35.628382135227525],[139.76731940256855,35.629217422845954],[139.7676743191147,35.62966803625102],[139.76768335909992,35.62968677542449],[139.76768997361353,35.62969830563247],[139.76770024566997,35.62970986461875],[139.76771403407554,35.629719413620194],[139.76773114097955,35.62972410808129],[139.76775500628867,35.629726919361985],[139.76778180338772,35.62972505416809],[139.76780180341063,35.62972008091714],[139.76782875519302,35.62971047705702],[139.76789878090415,35.629681955058345],[139.76793214035615,35.6296666396039],[139.76796216602133,35.62965069372473],[139.7679951882276,35.629631333119676],[139.76802988317274,35.62961385569503],[139.7680854729664,35.62958760358521],[139.76812788589336,35.629562215723865],[139.76814167339967,35.629550919339636],[139.76815814538224,35.629534054353314],[139.76816875468444,35.629518837824264],[139.76817428011907,35.629503251673896],[139.76817583684556,35.62948964043471],[139.76817464344526,35.62947666681487],[139.76817066124715,35.62946233342012],[139.7681643839793,35.62944699997922],[139.7681572235772,35.629427532354896],[139.76815413710392,35.62941046771908],[139.7681539428504,35.62937172132803],[139.76815252911615,35.629346107736865],[139.76814846957643,35.62933213497024],[139.7681433848095,35.62931763969749],[139.7681373278756,35.62929635993925],[139.76812929962762,35.62927833302882],[139.7681179510828,35.62926497270047],[139.7681023874154,35.62925477528779],[139.76808053209106,35.62924386471275],[139.7680529435886,35.629234224879724],[139.7680276654446,35.62922817064373],[139.7680023873005,35.62922508057318],[139.76798238727758,35.6292211981999],[139.76796538289625,35.62921513497065],[139.76794452671868,35.62920674789325],[139.7679267830947,35.62919853168705],[139.76790425417812,35.62918580178348],[139.76771766463867,35.62893638740451],[139.76729932610317,35.62838775688965],[139.76686038859623,35.627827946003094],[139.76685422824016,35.62781272138017],[139.76685269759412,35.627802693939316],[139.7668525806822,35.62778855929474],[139.7668546949884,35.62777161336942],[139.76685814478776,35.627755838361395],[139.76686411178946,35.62774322536973],[139.7668907263261,35.62774177476325]]]}},{"type":"Feature","properties":{"ward":"港区","code":"13103"},"geometry":{"type":"Polygon","coordinates":[[[139.77021619981792,35.631987802395315],[139.77046185503082,35.631685441330205],[139.77043561641074,35.63167541388941],[139.7703570300531,35.63177010800422],[139.7702297543998,35.63173761280075],[139.77016119278505,35.63171566664488],[139.77010988286497,35.63169517109543],[139.77006208839487,35.631674865302955],[139.77000347597982,35.631646613100884],[139.76994763887262,35.63161610809709],[139.76989533070514,35.631584558980364],[139.7698573667243,35.631555586421314],[139.76982282736174,35.631526198375525],[139.76978841840094,35.631492107774704],[139.76976338487248,35.63146100022516],[139.76974274992813,35.63142446796496],[139.76972834009098,35.63138589244517],[139.76972204933327,35.63135353213994],[139.76971744480443,35.631323413844655],[139.76971525315662,35.631296559189025],[139.76970710799685,35.631273559027704],[139.76969211360029,35.63125119828436],[139.76966884634032,35.63123242313799],[139.76960117955093,35.631203811207115],[139.76957105136307,35.63118019770815],[139.76954778230447,35.63115727938509],[139.76952503215466,35.63113383765665],[139.769505965628,35.631100387373124],[139.7694975884432,35.631079747932176],[139.76948922205008,35.63106830585781],[139.76947233458077,35.6310565589132],[139.76944364530812,35.63104599997308],[139.76941858569933,35.63103444098681],[139.76940213979708,35.63102083784156],[139.76938416324867,35.63099819830836],[139.76936255523788,35.6309641976398],[139.76935097286923,35.630930748255594],[139.76934503194786,35.6309001982857],[139.76933710802132,35.63086630643505],[139.76932058387797,35.63083150536983],[139.76929852081025,35.63081050530076],[139.7692733586788,35.63078991891979],[139.76924830086853,35.63077341366227],[139.76921972760852,35.63075897324819],[139.76919555113398,35.63074436016427],[139.76917933905543,35.630730667086766],[139.7691643320685,35.63071577521305],[139.76858933882716,35.62999419787411],[139.7685737742604,35.62997553244503],[139.7685563552917,35.62996189242756],[139.76854177728137,35.629953332680316],[139.76852644563917,35.62994727934364],[139.76850469463614,35.62993961262316],[139.768478754591,35.629935721256686],[139.76845577241613,35.62993705405199],[139.7684332812711,35.62994010814964],[139.76840211436627,35.629946864756164],[139.76836900132855,35.62995935993666],[139.7681129697379,35.630085333371596],[139.76809549860855,35.63010136018977],[139.76808355381309,35.63012191869177],[139.76807858595816,35.63014577500769],[139.7680784438653,35.63016677507676],[139.76808297015316,35.63018761326788],[139.76810425440794,35.63021746806186],[139.7687182746289,35.63101946817409],[139.76967143998513,35.63224117109331],[139.76970775640802,35.63228446805391],[139.76973496809444,35.63234530629103],[139.76975282683168,35.63236838739135],[139.76977786036014,35.63239283815909],[139.769799169796,35.63240755916166],[139.76981771741396,35.63241586530012],[139.76984708207738,35.63242774804229],[139.76987511034827,35.63243797333399],[139.76989871575336,35.63244725163952],[139.76992830075062,35.63245727908031],[139.76996121863556,35.63246486486179],[139.76999158244575,35.63246489184144],[139.7700144486081,35.632459504902386],[139.77004160813385,35.632447532228014],[139.77006335913688,35.63243319793389],[139.77007817097103,35.63241697326487],[139.77009163382206,35.632404999691175],[139.770114526964,35.632390413586904],[139.77014688726922,35.63237672140872],[139.7701753831875,35.63236158581867],[139.770198029016,35.632341864585555],[139.77021658922445,35.63231691919066],[139.77023208814057,35.63228708058449],[139.7702443575912,35.632258775322384],[139.7702508947632,35.632229505087764],[139.77025202341235,35.63219613484392],[139.77025228331638,35.63215458616537],[139.77024888477843,35.632113107633984],[139.77021619981792,35.631987802395315]]]}},{"type":"Feature","properties":{"ward":"港区","code":"13103"},"geometry":{"type":"Polygon","coordinates":[[[139.75800722405438,35.63379791913883],[139.75800953261398,35.63368974778382],[139.7580404414134,35.633690666890914],[139.75804075167957,35.63362180220457],[139.75833333261744,35.63362394618832],[139.75833666730352,35.63362397316797],[139.75916549868896,35.63363008136332],[139.75918980466588,35.63361927870693],[139.7591997538657,35.633595837877806],[139.7592097543269,35.633333332967084],[139.759412969633,35.62800006275285],[139.7583366412232,35.62796194588725],[139.75833333261744,35.6279618379686],[139.75765383905366,35.62793777480863],[139.75743243765703,35.627930000169556],[139.75743883273617,35.627721108342655],[139.75749050598222,35.62602305432068],[139.75752155597525,35.624999999950205],[139.7575396629253,35.62440361273673],[139.75754243823314,35.62430750488761],[139.7575491049074,35.62409277466196],[139.75615075175597,35.624056387192695],[139.75568630407986,35.624044170801994],[139.7546488065973,35.624020559101666],[139.75444574597452,35.624028332841476],[139.75361408622132,35.624060559147665],[139.75352992226829,35.624051108172296],[139.75350734119104,35.62404855859427],[139.75358180325782,35.624999999950205],[139.75361627786913,35.6254413872104],[139.7535194415691,35.62544925178173],[139.75353474713108,35.6256448651186],[139.753615330883,35.625642197729405],[139.75363596582736,35.62598474769811],[139.75355647205367,35.62598919844294],[139.75356299573582,35.62609646777793],[139.75364469464716,35.62609380218737],[139.75379909205458,35.62822897258917],[139.7538244358492,35.628569946046355],[139.75384075224906,35.62880555942917],[139.75379335887658,35.628809054194676],[139.7538001172818,35.628929558852235],[139.7538051876595,35.62902061341077],[139.75380542238247,35.62902483842572],[139.75386350239887,35.629024171128776],[139.75387688700891,35.62919533279853],[139.75388933902195,35.62935500023326],[139.7538918292447,35.62938664018145],[139.7539024115672,35.62952130556397],[139.7539171343684,35.629710252226516],[139.75398579760667,35.6306738560138],[139.75400544689398,35.63091905437102],[139.75407031139594,35.63104546757444],[139.75408133618487,35.63107146787411],[139.7541551102703,35.63124517102801],[139.75419047970706,35.63133380191357],[139.75420577177908,35.63136355868147],[139.75423025941916,35.63140405425389],[139.75461002603208,35.632229774884365],[139.75464335940364,35.632304864677906],[139.75470403396423,35.63230041393314],[139.75470289182522,35.63234546816898],[139.75465983138633,35.63234544118933],[139.7547160048399,35.63246303564074],[139.75512422780105,35.633333332967084],[139.75525591372957,35.6336104680488],[139.7556681971298,35.633612639911576],[139.75566654957174,35.63371674812959],[139.7561813098198,35.63372222500084],[139.75618197082144,35.633710505035936],[139.75640422837262,35.63371317062649],[139.75653241234113,35.63370710829656],[139.75653241234113,35.63371486494924],[139.75658223118523,35.63371617076484],[139.75658448758418,35.633656387432495],[139.75659641978916,35.63365658618267],[139.75659700434846,35.633613405234655],[139.75686474691076,35.633613450200755],[139.75701242458388,35.63361263091832],[139.7570118418232,35.633649711764974],[139.75692190692064,35.633649936595475],[139.75692083043214,35.63372350473611],[139.75723208759098,35.63372522513919],[139.7572325813187,35.63368005399144],[139.7571590527483,35.6336794676335],[139.75715833958589,35.63361980211232],[139.75725791162347,35.633619972983524],[139.75727050572948,35.633619972983524],[139.75754433220538,35.633620332712326],[139.75755878071334,35.633620332712326],[139.75770167309395,35.63362061330082],[139.75771581133586,35.63362061330082],[139.75784974107285,35.63362077517877],[139.7578495980806,35.63366205406072],[139.75794883287256,35.633661775270866],[139.75794769073354,35.63370413513792],[139.75788697840153,35.633702296923616],[139.75788697840153,35.633703198044316],[139.75788693883135,35.63373383794641],[139.75787258115486,35.63373383794641],[139.75786922218708,35.63379602696523],[139.75800722405438,35.63379791913883]]]}},{"type":"Feature","properties":{"ward":"港区","code":"13103"},"geometry":{"type":"Polygon","coordinates":[[[139.75852175137788,35.63380183838427],[139.75852070007045,35.63373244129929],[139.7584058881214,35.63373417069556],[139.75840802940718,35.633803585767055],[139.75852175137788,35.63380183838427]]]}},{"type":"Feature","properties":{"ward":"港区","code":"13103"},"geometry":{"type":"Polygon","coordinates":[[[139.7666666674329,35.63297969435757],[139.7665399736411,35.632930666916934],[139.7655716726947,35.633196748431374],[139.76554880743174,35.633212694310544],[139.76553761267087,35.63323836006242],[139.76553319070433,35.63327027880047],[139.7655326070444,35.63330236031584],[139.7655349938451,35.633333323973886],[139.76554472091232,35.63337807244028],[139.76558732809292,35.63349373874519],[139.76560747110807,35.633540640188585],[139.765624552831,35.63358419795253],[139.76564108866546,35.63362277527102],[139.76566102483662,35.633661802250515],[139.76568464283218,35.63370302717311],[139.76571252901022,35.633748747806635],[139.76573788629457,35.633794640210624],[139.76576544691807,35.63384233305737],[139.76578297020808,35.63388136003692],[139.7658001427626,35.633931667212835],[139.76581114057183,35.63398217134028],[139.7658188333727,35.63403461260748],[139.76582367082597,35.63407644097515],[139.76583169907383,35.634113775430535],[139.76584732839171,35.634148946117136],[139.7658716082883,35.63417500037616],[139.76589774258696,35.63419990080496],[139.76593976700678,35.63423843225803],[139.76595863838065,35.63426310785633],[139.7659687809347,35.63428755862412],[139.7659762776832,35.63430691922912],[139.76598422769018,35.634323613344236],[139.76599494221296,35.63433547720069],[139.76602824860493,35.63436335978139],[139.76605658894061,35.63437808078396],[139.766089273901,35.63439055887733],[139.76612978026537,35.634403278888385],[139.76616841783834,35.634412414201734],[139.7662156682187,35.63441702682451],[139.7662584948339,35.634415972819056],[139.76630269831105,35.63440994556271],[139.7663508300269,35.63439330630621],[139.76639978012588,35.634371801717464],[139.7664535541884,35.63435325230091],[139.7664962000398,35.634340838059416],[139.76655194631542,35.634325440766645],[139.76661391679897,35.63430917113152],[139.7666666674329,35.63429383769062],[139.7666700264008,35.63429286462417],[139.76676287870407,35.634266341818375],[139.76682861195104,35.63424980238665],[139.76688725044642,35.634238559062396],[139.76694807969034,35.63422841381043],[139.76702360565503,35.634218198411304],[139.76708897467665,35.63421417124715],[139.7671471734035,35.63421311724176],[139.76720204913545,35.63420989227285],[139.7672660826638,35.63420461325245],[139.76731325570233,35.63419753199065],[139.76735876769317,35.63418642266544],[139.7674592741264,35.63415322509144],[139.76750233456528,35.63413669375359],[139.76753810599894,35.63412022536829],[139.7675659400163,35.63410472105619],[139.7675888070779,35.63408564014037],[139.76760616129548,35.634070053989944],[139.7676230874357,35.634050413695775],[139.76762949420595,35.63403717117865],[139.76763158243182,35.63402805385175],[139.76763016869745,35.63401497321263],[139.76762466934315,35.63400325234841],[139.76761053200062,35.63398899989261],[139.76759542159164,35.63397261334558],[139.76758319081182,35.633955838291456],[139.767571166876,35.633937892320034],[139.76755902692776,35.63391083801491],[139.7675501434245,35.633878748405664],[139.76754172487085,35.63380354979415],[139.7675356418565,35.63376777476316],[139.76752683479572,35.63373280192741],[139.76751525332645,35.63370700037791],[139.76750102515234,35.63368527905254],[139.76747875524052,35.633663440815326],[139.76745535667953,35.63364377534015],[139.76738793810307,35.633599945980905],[139.76728757466196,35.633333332967084],[139.76723820997563,35.63320218932972],[139.76705552529245,35.633130269646415],[139.7666700264008,35.632981000173174],[139.7666666674329,35.63297969435757]]]}},{"type":"Feature","properties":{"ward":"港区","code":"13103"},"geometry":{"type":"Polygon","coordinates":[[[139.77658983095614,35.636113332564435],[139.77661469541204,35.636079170917185],[139.77665861200546,35.63610046776256],[139.77675897544657,35.6359633328417],[139.77688378695734,35.63603502679524],[139.77687783434476,35.63604269441498],[139.77693169923873,35.636071306345855],[139.77693655018186,35.63606536002851],[139.77700647157155,35.63609363111635],[139.7775376912117,35.63544009918138],[139.7779375225988,35.63493995471532],[139.77866168638786,35.634056117196224],[139.77919819673957,35.633399666961225],[139.77925215336438,35.633333332967084],[139.780056693162,35.63234425228558],[139.78054277582862,35.63173954994045],[139.78077053183472,35.63146589163773],[139.78097072631817,35.63122708116504],[139.78160853360714,35.630429702668835],[139.78164897522026,35.63038572132416],[139.78175810615187,35.630266829151026],[139.78179713403074,35.63022136032771],[139.7817839949356,35.630213054189255],[139.78183924838277,35.63015180226404],[139.78213250291287,35.62978235986816],[139.7822160310452,35.62968450463637],[139.78229413716485,35.62961189157568],[139.7823763423945,35.62950860443868],[139.78213839167358,35.62938050500645],[139.78194588819235,35.629276612625745],[139.78176089494957,35.629177170989806],[139.78161089522678,35.629096332729716],[139.78031697764663,35.62841855866969],[139.77874364520324,35.62759494605007],[139.77791725008126,35.62716608095002],[139.77727474743187,35.62681469424291],[139.7767888850991,35.62653553208929],[139.77647639407053,35.626356081368215],[139.77572389084503,35.62592386539421],[139.77500944243195,35.625513305994446],[139.7750033333374,35.62550974827644],[139.77499999955057,35.625507802143545],[139.77412883257978,35.624999999950205],[139.77412878131838,35.624999972970556],[139.77410306070783,35.62498497317813],[139.7737680542525,35.6247766398302],[139.77346416344062,35.624587468337154],[139.7729471980549,35.62424969376849],[139.7716746951313,35.62336441373685],[139.77141858619893,35.6231860808731],[139.77134968913697,35.623138306188025],[139.7710455249312,35.62353858633685],[139.77001496841626,35.624894135356215],[139.76992693917703,35.624999972970556],[139.7699269256873,35.624999999950205],[139.76978858567486,35.62516636013959],[139.76903053183378,35.62607719800445],[139.76886525262944,35.62627608127627],[139.76873246413209,35.626435675865935],[139.76881319087624,35.626478837928175],[139.7688230996065,35.62648428781978],[139.7688821661792,35.62651680190902],[139.76889012967592,35.62652126974098],[139.7689952793089,35.62658025177734],[139.76898199722154,35.62662153155861],[139.76897632879468,35.62664963986913],[139.76897321714046,35.62667072087726],[139.7689771984392,35.6266911984402],[139.7689841367087,35.62671155909135],[139.76899472082994,35.62672580165457],[139.76901469477252,35.626742865391066],[139.76904105120377,35.62675469417394],[139.76906247665215,35.6267562248201],[139.7690816987615,35.62675227859495],[139.76910233460524,35.626748774836244],[139.76911535678846,35.62675038732067],[139.7691376653711,35.626758802277095],[139.76917274972277,35.62678017106822],[139.76925044125505,35.62682302736101],[139.76928852124843,35.62684513539483],[139.76932413709937,35.626876332876634],[139.76936627843122,35.626923414184375],[139.76940955920395,35.62695291914207],[139.76945555143277,35.62697844100239],[139.76951163405488,35.62700038715832],[139.7695737736109,35.627023306380636],[139.76962564200994,35.62703738706591],[139.76965919571546,35.627041747878536],[139.76968250344498,35.62704374797073],[139.7697032562005,35.62704725172944],[139.76972863776655,35.62705683760316],[139.76978403420594,35.62708677513473],[139.76985752320627,35.62713035987838],[139.76991325599215,35.62716572122122],[139.76999413741964,35.62722417085894],[139.7701027242615,35.62729436024671],[139.77017002592618,35.62733497273098],[139.77020192038253,35.62735210841322],[139.77024308684918,35.62736546784225],[139.7703456293475,35.627395278569395],[139.77049329443014,35.62745450522141],[139.7705586382707,35.62748730619438],[139.77061391689892,35.62751925191213],[139.77066425375244,35.62755922497843],[139.77088678289886,35.6277570812245],[139.7710357196229,35.627870027080235],[139.7711374446376,35.627964278728655],[139.77118147904218,35.62801153180692],[139.77121642040163,35.628052468047144],[139.7712354986195,35.628087171086236],[139.77125269815372,35.62812919820408],[139.77126933920886,35.628180748243096],[139.77127669296522,35.628224198088446],[139.771281724672,35.62827144127414],[139.77128557736773,35.62829361315988],[139.77129275036032,35.62830813541228],[139.77130518798424,35.62832030593751],[139.77132817105837,35.62832663986268],[139.771361724764,35.62832780178678],[139.77140325635537,35.628325135296905],[139.77146661539211,35.62831722486021],[139.77157702965633,35.62829880224808],[139.77186688744712,35.628258586364836],[139.77192352764882,35.628257170831944],[139.77196316526806,35.62826017097029],[139.77200997408124,35.628267135320186],[139.77205321708243,35.62828291932141],[139.77211910501285,35.62830980185606],[139.77219202294373,35.6283587483577],[139.77233271108594,35.62845113481217],[139.77243394327206,35.628501531920335],[139.7727543582272,35.62866310771642],[139.77276639385423,35.62866953157379],[139.77278019485027,35.62868883821949],[139.77278647211813,35.62870566723291],[139.77279727567395,35.62872264013788],[139.77281005234227,35.62873902668491],[139.7728204413105,35.628746892155505],[139.77259766485054,35.62902017094427],[139.77254866438955,35.62899283784935],[139.77249817105394,35.629054640159666],[139.77257330671296,35.629098386781266],[139.77287255522447,35.62873302730753],[139.7731334503486,35.62887702675357],[139.77356568071173,35.62911146831976],[139.7736228020509,35.629142440971066],[139.7739903109043,35.62934158594561],[139.77401425355515,35.62935410810576],[139.77398430613096,35.629824081216555],[139.77395294407324,35.62983144126815],[139.77389914393052,35.629904171240696],[139.77391878062735,35.62991589210492],[139.77390208831093,35.62994238703169],[139.77390041467254,35.62995150525791],[139.7739025028984,35.62996222517671],[139.77390902658044,35.62996897279004],[139.77391972761347,35.62997113476024],[139.7739455507467,35.629970721072084],[139.77397306100818,35.62996658598934],[139.7739902722335,35.629959558686835],[139.774008612108,35.629947134552765],[139.7740184443959,35.629938748374684],[139.77403105109227,35.62992550495824],[139.7740387807653,35.62990899970072],[139.77404474686773,35.629890532122545],[139.7740479772325,35.62986855898697],[139.77405263302273,35.629841135060474],[139.77405542182044,35.62980086521793],[139.7740554470015,35.62977083775411],[139.7740527238543,35.62974505419106],[139.77408328101876,35.62975327939051],[139.7741212449996,35.62975941366619],[139.77416144019844,35.62976197313674],[139.77420007777152,35.629769558918156],[139.7742507518709,35.62978769374723],[139.7743038388512,35.62981638661711],[139.77436319140838,35.629849135429424],[139.77442070035522,35.62987755940202],[139.77448713417414,35.62991769434626],[139.77456031110967,35.62996658598934],[139.77461747111954,35.63000980201093],[139.77468311263567,35.63005741391868],[139.77475077762642,35.630101891689094],[139.77481841833549,35.63014844059825],[139.77489070044567,35.63020191878371],[139.77496839197784,35.6302498382596],[139.77499999955057,35.63026989224193],[139.77500335941772,35.63027202723242],[139.7750480539247,35.6303004503057],[139.77520002586073,35.630408666626806],[139.77526900116368,35.6304535859644],[139.7753356418266,35.630498775098545],[139.77540891139233,35.630544252015795],[139.775503722419,35.63059910796261],[139.77556962383926,35.63063337842783],[139.77574233504095,35.63071167610315],[139.77584177667688,35.63076430622789],[139.77591946820905,35.63080372081521],[139.77598834008995,35.630847468336185],[139.77606007811028,35.6308973600253],[139.7761239686464,35.63094372097612],[139.77618267189303,35.63098197274002],[139.77624116739617,35.63101750495406],[139.7763059662475,35.63105358575456],[139.77637418881795,35.63108689214653],[139.77644260744057,35.63111802667578],[139.77651228331536,35.631142386612],[139.77657408562573,35.631158720998314],[139.77665136167116,35.63117013519377],[139.7767228020159,35.63118177511899],[139.77678316541096,35.631200386588716],[139.77685204898307,35.631228081211134],[139.7768908951988,35.631251999580286],[139.77693747108765,35.63127941361421],[139.77699442335415,35.6313077476546],[139.77704564244266,35.631334801959724],[139.77709727611852,35.631366171211994],[139.77713291804992,35.631392170612344],[139.77716658866734,35.631419108005616],[139.77719204937375,35.63145717091186],[139.77721169866118,35.6314969461273],[139.7772284179573,35.631548945827376],[139.77723852094118,35.631615558611315],[139.7772460050992,35.631687586213275],[139.7772473927531,35.63175050458227],[139.77723805419305,35.631821252449015],[139.77722255527692,35.63188508093191],[139.77720185468206,35.631956279358974],[139.77717817103598,35.632040721202486],[139.77715725010717,35.632113080654335],[139.77713258080416,35.6321863601126],[139.77710160815286,35.632269080653714],[139.77706247685205,35.632351999945],[139.7770188066728,35.632434000129194],[139.77698319082174,35.632495919351356],[139.77693080441327,35.632576558861274],[139.77688275003902,35.632648467752745],[139.7767923609789,35.63279666703272],[139.7767358367896,35.632895559182884],[139.77668177674275,35.63297377501988],[139.7766219709274,35.633063081296314],[139.7765593394421,35.63315138662733],[139.77650208770137,35.633224279377146],[139.77643510979271,35.633314386949564],[139.77642213977015,35.633333332967084],[139.77638216580453,35.63339169357198],[139.77632379980366,35.63347461286327],[139.77626114133875,35.633549865434134],[139.77620722428412,35.633617891952326],[139.77615594044448,35.63368510818134],[139.77610080390912,35.63374961295443],[139.776036913373,35.6338179191618],[139.77596411235413,35.633892251726195],[139.7759100783876,35.633952505403954],[139.7758499739973,35.63402244118288],[139.77573360622114,35.63415469368431],[139.77568033667842,35.634221559177774],[139.77562819668412,35.63427389162695],[139.77556133568726,35.634337864900715],[139.77549075239654,35.63440427893448],[139.77542963716814,35.63445364002365],[139.77534128417312,35.63451641360177],[139.7752734501098,35.63456622525126],[139.77521477294363,35.63460441406261],[139.77515094715864,35.63464008117495],[139.77507260721518,35.634680837550775],[139.77500338459868,35.634716305912946],[139.77499999955057,35.634718135133994],[139.7749397539667,35.63475110787749],[139.77486177734932,35.63479280224618],[139.7747750584224,35.63482935968739],[139.77470786017977,35.634789865060384],[139.77441713364396,35.63462305431068],[139.77384710825766,35.63429961313682],[139.77321603059556,35.63394894588731],[139.7729665631565,35.633333332967084],[139.77265866406628,35.632573531743276],[139.77085824920903,35.63307366721614],[139.77088130962488,35.633130386558264],[139.7708618033297,35.633188972892924],[139.77086021962361,35.6332325045766],[139.77086097325548,35.63328208060369],[139.77086656344136,35.633326694171785],[139.7708676651108,35.633333332967084],[139.77087492893497,35.63337744111618],[139.77089033701964,35.6334293868569],[139.7709115052619,35.63348689220646],[139.7709409211867,35.63354991939343],[139.77097411156615,35.633608693686426],[139.77100739277716,35.63367677506329],[139.77102703037338,35.633726198205636],[139.77105038936418,35.63377522474701],[139.7710830221639,35.633826909684274],[139.77115549942698,35.63392421632966],[139.7711851878463,35.633964945725836],[139.77125160817536,35.634042945725525],[139.77136630411178,35.63432558555752],[139.77149944244547,35.63437299961441],[139.77151989572678,35.63438213492776],[139.77131251566027,35.63472716162937],[139.77133133577274,35.634733892155566],[139.77133953309317,35.634718585694316],[139.77136380039929,35.63470869405114],[139.77146619990538,35.63453513478879],[139.77154613524613,35.634398413556085],[139.77156544728768,35.63440527898058],[139.77169944177604,35.634461613412896],[139.77244859862412,35.634267649432616],[139.7725309864161,35.63450709932334],[139.77302433200748,35.63439358599538],[139.77307325602612,35.63439830563743],[139.77313263286487,35.63440889155726],[139.77383666712865,35.63480061285816],[139.774087327968,35.63493810840714],[139.77499999955057,35.63543364025048],[139.77500338459868,35.63543550544438],[139.77522933926275,35.63555817117282],[139.7752918943056,35.63559044064647],[139.77577138763957,35.63583655901016],[139.7758371730473,35.63587322526928],[139.77591661466022,35.63591753216855],[139.77620116735022,35.63607613480593],[139.77624488969013,35.636100504634726],[139.776301309558,35.6361319458328],[139.7765228017861,35.63625544073619],[139.77652888480043,35.63625680230973],[139.77653352800007,35.63625705411994],[139.77653946802218,35.636256251924635],[139.776544552789,35.636253721232436],[139.77654907907697,35.63625030560729],[139.7766336450269,35.636134694160944],[139.77658983095614,35.636113332564435]]]}},{"type":"Feature","properties":{"ward":"港区","code":"13103"},"geometry":{"type":"Polygon","coordinates":[[[139.7562089747646,35.63688572069964],[139.75619571965694,35.63688208114331],[139.7561890790629,35.636886612827084],[139.75618466878757,35.63689561324213],[139.75618355362826,35.63690641409988],[139.7561835284473,35.63691453228],[139.7561879513131,35.63692536011746],[139.75622992177364,35.63691546757491],[139.75622661496652,35.636903747610006],[139.75622108863251,35.63689472111463],[139.7562089747646,35.63688572069964]]]}},{"type":"Feature","properties":{"ward":"港区","code":"13103"},"geometry":{"type":"Polygon","coordinates":[[[139.7305405060397,35.6812666674229],[139.73070994820569,35.68102389183929],[139.7309157724451,35.68114666728502],[139.7309432809078,35.68116333262185],[139.7309905061071,35.68119138697307],[139.73107910461715,35.68124444067854],[139.73149939018492,35.68149527868434],[139.73159717257158,35.68136583836292],[139.73161966281737,35.681336107675406],[139.7317129962579,35.68126972062129],[139.73178771732944,35.68121694570567],[139.73181577168066,35.68119694568264],[139.7319927240851,35.681071386835185],[139.7323393902508,35.680825801769515],[139.73246549858402,35.6807363596954],[139.73263299641587,35.68061886506871],[139.7328043838154,35.68047330619828],[139.73294466906145,35.680198306107116],[139.73295800330936,35.680145252401644],[139.73301744489936,35.679907468055376],[139.73310574573372,35.67970413493805],[139.73318379969282,35.67952774820719],[139.7333190793122,35.67933525192052],[139.73333333266737,35.67931691924059],[139.7333368607077,35.679312359677795],[139.7334001945635,35.6792308019601],[139.7335788071165,35.6790599730395],[139.73383379999007,35.67887802669975],[139.7340101948148,35.678815801708026],[139.73417713416757,35.678784413569986],[139.73443158205203,35.67874830578984],[139.7347224120099,35.67873274841776],[139.73503880699548,35.67871553179651],[139.7353301954323,35.67871441393919],[139.73589717301627,35.678758864730014],[139.73648966256803,35.67882108072848],[139.7367752269953,35.67887302736847],[139.73684050608472,35.67874886516813],[139.73686522664912,35.678702198447866],[139.73692189383053,35.67859413501151],[139.73699771657152,35.6784499727882],[139.7370280030401,35.67839274802708],[139.73702910470956,35.678390532097524],[139.73712855983536,35.6782010809153],[139.73717661510887,35.67810969360767],[139.7371868871653,35.67808997327381],[139.73722299584472,35.6780216400868],[139.73740963664557,35.67729330614134],[139.73752658898104,35.67687386503701],[139.73787213998742,35.67639053159792],[139.73811880693756,35.67606774782848],[139.73821547326565,35.675941359806075],[139.73831296966796,35.67576580225011],[139.73845491596182,35.67545635992326],[139.73847518757998,35.67541802722036],[139.73851185473848,35.67534858606854],[139.73860518817912,35.67515664016696],[139.73865655025975,35.674999999850286],[139.73865655025975,35.67499997287064],[139.73869880670475,35.67487108113568],[139.73874797713756,35.67466441423147],[139.7387637998097,35.67459830596721],[139.73890213982202,35.67433163989341],[139.73898213991401,35.67417830638391],[139.73906130993169,35.6740255322527],[139.73907158198813,35.6740185858892],[139.73928131018454,35.673872748228916],[139.7393660308178,35.673813586328095],[139.73945297007867,35.67375330567069],[139.73989992234374,35.673458305556494],[139.74002046657142,35.673385532416546],[139.74018713432895,35.67328525171314],[139.74090907859124,35.67285053202659],[139.74128574614042,35.67262358630961],[139.74138686141475,35.67256274807255],[139.741478521217,35.672512747565406],[139.74161518759104,35.67243802739324],[139.74166666658357,35.67240408068392],[139.7416701946239,35.67240174784257],[139.74172131029047,35.672368026863126],[139.742286030576,35.67199636044387],[139.74257686143324,35.67181469379324],[139.74258241204882,35.671811360006416],[139.74292936419897,35.67159886459609],[139.74317075212866,35.67145135959271],[139.74320603073386,35.671429694025335],[139.74336241204583,35.671359973184394],[139.743451024945,35.671320531617425],[139.74363019507757,35.671259134901334],[139.74365741935458,35.67124997260834],[139.74413464279974,35.671185531687115],[139.74500296971144,35.67103969402683],[139.74512325583373,35.67101969400386],[139.7452174193486,35.67100386503648],[139.74530102482265,35.67099302730651],[139.74534630388894,35.67067191897405],[139.7453768610535,35.67066663995365],[139.7459854727515,35.67055913499627],[139.746118521153,35.670535532289136],[139.74623185461655,35.670515532266165],[139.74664741874358,35.67046830616755],[139.74677185523706,35.67050913538844],[139.74696241168613,35.67050497332605],[139.74697658859884,35.670267197972976],[139.7469890792828,35.67005858583525],[139.7472129700027,35.66990469384672],[139.747479363582,35.66965635955353],[139.74764158239327,35.6696152524421],[139.7476676906116,35.669608585767776],[139.7478024117521,35.669617468371655],[139.7481468610889,35.66988413534472],[139.7481735277862,35.66990469384672],[139.74884907872217,35.67048497330302],[139.7488646432888,35.67049858634084],[139.7489349163135,35.67055858640981],[139.74911435804142,35.670712748194944],[139.7491940856387,35.670781360171816],[139.74924352766686,35.67078886501429],[139.74951603123998,35.67083080219993],[139.74996158236127,35.67083080219993],[139.7499999996005,35.67082189171708],[139.75000352764084,35.67082108142796],[139.7500707519638,35.67080553214976],[139.75113269841552,35.67055913499627],[139.75183966267048,35.67043774810378],[139.75200549855504,35.670409414063386],[139.75214105066914,35.67038608115291],[139.75286605712301,35.670262197742375],[139.75431688661524,35.669904972636516],[139.75549855981092,35.66949997284564],[139.75565160823533,35.669447197930026],[139.75662910474955,35.66911219776989],[139.7568757716997,35.6690363597404],[139.75692077827148,35.669022467912725],[139.75696438369948,35.66900913456408],[139.757908560332,35.668719387389956],[139.75795522705232,35.66870494607656],[139.7580682754308,35.66867022505102],[139.75787883324176,35.667662198351934],[139.75787883324176,35.66683941400794],[139.75787880716143,35.66669941384703],[139.757883087035,35.66666666683335],[139.757883087035,35.6666666398537],[139.75804491643987,35.665427197807105],[139.75831603056054,35.66406553159919],[139.7583165890395,35.66406330577712],[139.7583218545701,35.664036639979145],[139.75833333261744,35.663928134975606],[139.75833686065778,35.663894837576834],[139.7583432557368,35.66383441392725],[139.75835269771903,35.66374358599785],[139.7583965891315,35.66323580179096],[139.75844379994157,35.66269802699253],[139.75846600510226,35.66164191893955],[139.7584412836385,35.66151886470402],[139.75833683457745,35.66100125180651],[139.75833333261744,35.66098389219303],[139.75813350235944,35.65999358573555],[139.75833333261744,35.65976322529281],[139.75833683457745,35.659759198128654],[139.75858822296834,35.659469414082366],[139.7587184951626,35.6593216401817],[139.7587204412955,35.659319694048804],[139.75899795139446,35.659004972701496],[139.75923267175062,35.65892163972205],[139.75935044067046,35.65887246838986],[139.75946544687304,35.658824135225814],[139.75953182943056,35.65879635966445],[139.75973655020186,35.65871053196565],[139.75999461695824,35.65860246762992],[139.76046985739822,35.65833333291715],[139.76046992214935,35.658333305937504],[139.76271405980617,35.65706246765893],[139.76316795124012,35.65680553224968],[139.76348822320313,35.65675497326356],[139.76403461710413,35.656459134981276],[139.76457390366295,35.656167036080035],[139.76435077826602,35.65590705376769],[139.76436208814005,35.655884360275195],[139.76436430586818,35.65586966715159],[139.7643640864336,35.655850359606575],[139.76435394298028,35.65583205390635],[139.76453824914108,35.65572517127981],[139.7625043064288,35.651875838199544],[139.76179791234392,35.65213422511454],[139.76175953287634,35.652218468207934],[139.76162496821792,35.65227517136225],[139.7616150576889,35.65225758601895],[139.76143824917608,35.652323775222214],[139.7613441369225,35.65235902684776],[139.76118223107528,35.652138036441386],[139.76098730212243,35.6518719729134],[139.7609573798793,35.651781829368076],[139.76094202305615,35.65173558622848],[139.76093708218082,35.65172069435471],[139.76092403391726,35.65168133282742],[139.76091583659672,35.651656586182696],[139.76085691301626,35.651487585583766],[139.76083552533942,35.651426251820226],[139.7606713100331,35.65095489195488],[139.76081214026829,35.65092308113543],[139.7607812062878,35.65082665762429],[139.76076002635432,35.6507606132119],[139.76075452700002,35.65074350540863],[139.7607040336644,35.65059974788022],[139.76064658856933,35.65043622505192],[139.76062364506538,35.6503688379517],[139.7605496632366,35.650151532067696],[139.7604959008653,35.64999999990022],[139.76046019508215,35.649899387347034],[139.76042730237828,35.64980491896199],[139.76035306064546,35.64958894587335],[139.7602638263147,35.6493318108146],[139.76011406041573,35.648905224596604],[139.76005693907666,35.64874236007205],[139.75999758831824,35.64856844108084],[139.75988902665745,35.648255783677655],[139.7597945780575,35.64797983839901],[139.75970518814404,35.6476961976216],[139.75963252921804,35.6474492788613],[139.7595616734327,35.647177440786436],[139.75949861207152,35.646929000373234],[139.75944228303513,35.646688107969965],[139.75939335901649,35.646452559338286],[139.75933961103442,35.6461754413437],[139.75931060969708,35.646016612976496],[139.75920133577324,35.645730197790556],[139.75907961073563,35.645411198368265],[139.75908224395062,35.645017198185315],[139.75908342386106,35.64497094605247],[139.75936036289056,35.64497291916507],[139.76035402112132,35.64497813523292],[139.7603838516336,35.64166666688334],[139.760420635704,35.637580946103924],[139.76042311333617,35.63727430606451],[139.76042577173212,35.6367783326541],[139.75965197076198,35.636775170637804],[139.75891833980972,35.635959999954196],[139.7588719968453,35.6359221079191],[139.75881352832187,35.63587608061681],[139.75876386506047,35.635846305862515],[139.75870425439803,35.63581925155739],[139.758634720616,35.63579394643364],[139.75856185484588,35.635774081308966],[139.7584692480575,35.63575869390877],[139.75842418932507,35.63575327909075],[139.75835155558002,35.635749170987594],[139.7583381970503,35.63575691864702],[139.7583373669761,35.63580827892912],[139.75835094673903,35.635816225338715],[139.75841697766157,35.63581825241056],[139.75842216585045,35.63581491862374],[139.75842238708367,35.63580817101047],[139.75848233499198,35.63581008117046],[139.7585463550305,35.635822748121484],[139.75862141424705,35.63584533279601],[139.75867661463428,35.63586700016208],[139.7587295847028,35.63589227920551],[139.7588024118021,35.63593919773598],[139.7588586895771,35.63598427895147],[139.7596026069749,35.63680461264295],[139.75890946799768,35.6372174140526],[139.75891674441243,35.63722533258317],[139.75885997380897,35.637256774680566],[139.7588500264078,35.63724674813909],[139.75878771687985,35.637280613010034],[139.75833666730352,35.636727612689356],[139.75833333261744,35.63672350458626],[139.75805338535565,35.63638030620632],[139.75801802940873,35.636401918713716],[139.75833333261744,35.63678927920205],[139.75833669338385,35.63679338730515],[139.7587499480518,35.63730113463981],[139.75833669338385,35.63752544084656],[139.75833333261744,35.637527252081156],[139.7582991700708,35.63754580239703],[139.7582824381841,35.63755489184496],[139.7579455512464,35.637737721318956],[139.7578288066543,35.637801108234726],[139.7577670556053,35.63783458639722],[139.7576840337913,35.63787958577444],[139.75681294416222,35.63835241423271],[139.75674817139122,35.63838766675758],[139.75673914399647,35.63836180225553],[139.75623983140326,35.63692538709711],[139.75618241238863,35.63693797310913],[139.7566030873628,35.63813346798531],[139.75665902699268,35.638295387322444],[139.75666430601314,35.63831080170229],[139.75668379971773,35.638367360065786],[139.75670009093665,35.63841366705725],[139.75623761277575,35.638664693920646],[139.75553302183164,35.63904713511738],[139.75480483807303,35.6388755858398],[139.75478367073003,35.63883391935008],[139.7548429963074,35.63881197319415],[139.7544971728065,35.638132108210414],[139.75420311338314,35.63757036018416],[139.7541456943685,35.6375856396657],[139.75411814543622,35.63753513463894],[139.75412255481228,35.63753336027651],[139.7541291963056,35.637523440754364],[139.75413141403374,35.63751261291691],[139.75413252919304,35.637502721273734],[139.75413033664586,35.63749008130236],[139.75389338507182,35.637022108283816],[139.75388236118215,35.637009505184665],[139.75386910517523,35.63700408137345],[139.75385474659947,35.637003171259494],[139.75384581093556,35.6370043331836],[139.75375963699787,35.63683508077452],[139.75385418901976,35.63680305411782],[139.75387313863462,35.63683958637796],[139.75417588820687,35.63673522455116],[139.75415858614997,35.636701748187306],[139.7541929438495,35.636689531796605],[139.7542110247192,35.63672325187673],[139.75451114107648,35.63661608056782],[139.75448588811344,35.6365689462001],[139.75451946789929,35.63655641414738],[139.75453358006087,35.63658338661418],[139.75453644620018,35.636586278833875],[139.75454063614166,35.63658780228542],[139.7545452793413,35.63658800013627],[139.75455092078857,35.63658708102912],[139.75455630413035,35.63658538670637],[139.7545590794382,35.63658358626367],[139.75461214033817,35.6365275593995],[139.75461247668466,35.63652450530185],[139.75461214033817,35.63652044126553],[139.75461050627007,35.636517639877354],[139.754607509729,35.636515540859705],[139.7546024510425,35.63651300926813],[139.7545113623097,35.636503972880234],[139.75450616063097,35.63650466715683],[139.75450306066784,35.63650646759959],[139.75450119277605,35.63650927888028],[139.75449980512212,35.636512612667104],[139.75450025927967,35.6365195590306],[139.75451330664396,35.63654433265498],[139.75447949393367,35.6365569456467],[139.7544551357961,35.636511666580304],[139.7541550320293,35.636618837889216],[139.75417243840752,35.63665138705204],[139.75413875519962,35.63666335972641],[139.75412177689861,35.63663053177379],[139.75381902732647,35.63673489180201],[139.7538314793395,35.636759053887374],[139.75373727625447,35.636790999605125],[139.75304036282262,35.63542161271744],[139.7530374454219,35.63541855861973],[139.7530103893182,35.63528497332305],[139.75286525312913,35.63492722481175],[139.75262586259362,35.634423332870654],[139.75259031059454,35.63397991943788],[139.75266880701997,35.63397735996733],[139.75266411165956,35.63392155883304],[139.75258494164189,35.633925559017484],[139.75253708242064,35.633333332967084],[139.75249399500206,35.632800224750724],[139.7525212840302,35.63279708072088],[139.75251941613828,35.63277238713613],[139.75249005237424,35.632773252283926],[139.7524203243387,35.63194997331277],[139.75237131038784,35.63195022512298],[139.7523714138099,35.6319403874391],[139.75238885885892,35.63193897280553],[139.75240167329878,35.63193672090313],[139.7524140596613,35.63193150483522],[139.75242289190317,35.6319208649561],[139.75242610877808,35.631911135190876],[139.75242666725705,35.631894000407954],[139.75238566806433,35.63140067640029],[139.75235208827849,35.63140019796094],[139.75235133644514,35.631391468241816],[139.75233147941447,35.63116853170254],[139.75232741897537,35.631116144394696],[139.75237988272556,35.631113036337695],[139.7523299217886,35.63050455863862],[139.75231891138878,35.630370531774815],[139.75231610910134,35.630336279296046],[139.75230916993246,35.630251612621976],[139.75228601778565,35.62996542316591],[139.75218610940158,35.62875778384483],[139.7521335017599,35.62809377480801],[139.7519898566468,35.62634283795177],[139.75198367110966,35.626322387368475],[139.751967444642,35.62630766726522],[139.75195199698726,35.62630197275803],[139.75193600524267,35.626310278896426],[139.75192197132208,35.6261007746312],[139.75162897489747,35.62596358575104],[139.75160586322022,35.62622650524918],[139.7508972244275,35.62618727862019],[139.75091577204546,35.62596572074159],[139.7509385212959,35.625967171348066],[139.75094299632235,35.62592625219497],[139.7509195851709,35.62592436002137],[139.75093167295847,35.625780332696365],[139.7510751103282,35.62574400008572],[139.7510779773669,35.625745359860616],[139.75106569442642,35.625761386678846],[139.75120683492764,35.625825386932206],[139.75121833995456,35.625809081324235],[139.75136124492565,35.62587391884642],[139.75137717281848,35.62585022530783],[139.7507091698925,35.62553566673779],[139.75061455311936,35.62549110802837],[139.7502814397368,35.62533425187439],[139.75026719807295,35.624999999950205],[139.75025296989884,35.62482352328715],[139.7500032560456,35.62472930581299],[139.7499999996005,35.624728080936336],[139.74989547319774,35.62468864026869],[139.74926880671023,35.62445197288042],[139.7491499217317,35.62440697260388],[139.74749267174957,35.62359197279147],[139.74677321681065,35.62323836026229],[139.74639795130463,35.62315141380685],[139.74637238717605,35.623146694164745],[139.74621739261875,35.6231172521596],[139.74602238722355,35.62311253161823],[139.74574405964086,35.623131973162174],[139.7452082228814,35.62323225206694],[139.74504155602312,35.623263359616544],[139.74474406029037,35.623302532286175],[139.74454099876823,35.623358080711],[139.74443488955865,35.6233947478695],[139.74437267176154,35.62345308059537],[139.74429961083854,35.62360308121737],[139.74424683502355,35.623676413735666],[139.74423988326419,35.623685864711035],[139.74411294395736,35.62386253203039],[139.74410988266516,35.62386780205759],[139.74383600492786,35.62431558619551],[139.74351267167265,35.62484446759828],[139.7434532165928,35.62494141361549],[139.7434171978456,35.624999999950205],[139.74341717266452,35.625000026929854],[139.74333461669937,35.62513419768521],[139.7431873931838,35.62511613480194],[139.74290099868233,35.625081134986544],[139.74276849527007,35.62506502722937],[139.7425848896811,35.625042531587724],[139.74231058386658,35.625000026929854],[139.74231036263336,35.624999999950205],[139.74166988255922,35.62490074807124],[139.74166666658357,35.62490025164544],[139.74108433217634,35.624810027161175],[139.73997321709044,35.62463586535307],[139.73924766474806,35.624510864984586],[139.73909461722303,35.62451922508234],[139.73883878078527,35.62453338670662],[139.73882683509055,35.62453394608491],[139.73855710772455,35.62454866708748],[139.7384021140665,35.62455727899538],[139.73797819703634,35.62455727899538],[139.73778652362932,35.62453227874181],[139.7375895846917,35.624426441127525],[139.73775625244923,35.62413922464566],[139.7372954218464,35.62377394611087],[139.73750736687168,35.62344617110409],[139.73666070013144,35.62308394576763],[139.73590014257775,35.62315533305235],[139.73585124463943,35.62315977480392],[139.73539930023765,35.62320199977262],[139.7349192996861,35.62438922538263],[139.73482347602283,35.62455338672959],[139.7347679123095,35.6246150541416],[139.73469985701297,35.62469061338129],[139.73454247655422,35.624999999950205],[139.73454243788342,35.6250000539095],[139.73434236121113,35.62539338679551],[139.7341234761177,35.62579450511248],[139.73394958500558,35.6261133867236],[139.73378902724198,35.626093107910776],[139.7334587548179,35.626051170725134],[139.73337736707197,35.62604061268428],[139.73333652436133,35.62603544068321],[139.73333333266737,35.626035026995055],[139.73287319094516,35.62597672124883],[139.7326706995933,35.62598283843744],[139.73235180269376,35.62599255920941],[139.73209569376138,35.62602561289191],[139.73184069998854,35.62609644079828],[139.73180819669108,35.62610561298379],[139.73155374790736,35.62620922477606],[139.73138070035918,35.62623700033748],[139.7313165238387,35.62626505378938],[139.7312293003921,35.62633450483372],[139.7311829178575,35.62640089188784],[139.73116902692925,35.62643589170318],[139.73115208819854,35.62647783788208],[139.73113929983901,35.626600892117665],[139.73115236069305,35.62668644102661],[139.73128847038674,35.626955612611596],[139.7313279119537,35.62705783764926],[139.73133263339446,35.62707033282976],[139.73134291804138,35.627196441162994],[139.73131374763148,35.62761617094969],[139.731390699921,35.62804005380559],[139.7314623605996,35.6283228384284],[139.73152321682312,35.62871172056964],[139.7310118290328,35.62881394560725],[139.73098905280267,35.6292189462975],[139.73094405972074,35.63001700018458],[139.7309409993278,35.630086441336346],[139.73093849471593,35.630140333209965],[139.73093267160573,35.63027255873175],[139.73086155591625,35.63041089244888],[139.73071739279362,35.63060866685663],[139.7306521137043,35.63069838682128],[139.7304309991914,35.63089255944425],[139.73034988304084,35.630963667039794],[139.72999211384513,35.631213666877386],[139.72987377385573,35.631296441377856],[139.72986933929872,35.63129977516468],[139.7296209987103,35.631473386587686],[139.7295421137777,35.63140310816709],[139.72950155615206,35.63136672069777],[139.7293982231497,35.631274505114504],[139.72931128388882,35.63119672095206],[139.72913350230942,35.631367000386945],[139.72887377360598,35.63161617104964],[139.72883377355993,35.63165477534778],[139.72873988343906,35.63182227857544],[139.7286996108985,35.632070891658486],[139.7286987808243,35.63207561309923],[139.7287354470834,35.63220144084397],[139.72882350240286,35.63250450517893],[139.72886461670885,35.63264505392624],[139.7284215558103,35.632802278802274],[139.7283057204328,35.632843946191315],[139.7279198833961,35.63214061339875],[139.72784044088382,35.63201199955432],[139.72779128394075,35.63195089241992],[139.72773016871247,35.63190172108773],[139.72767294395135,35.63189617137135],[139.72763516163354,35.63189255879473],[139.72753155613657,35.63191644119098],[139.72748878078278,35.631926170956206],[139.7271048898789,35.63204866671276],[139.72708627840916,35.632056441351835],[139.72697710790737,35.63210117093246],[139.7269254472518,35.63212255860935],[139.72671627843363,35.63220838720747],[139.72674433188558,35.63236617056248],[139.72678933935674,35.63262061305102],[139.72632766518973,35.63285755922914],[139.72640988300986,35.63316866710045],[139.72647608300497,35.633333332967084],[139.7264761090853,35.63333338692644],[139.72661627831872,35.633682000124395],[139.72680600469357,35.63415366665856],[139.7268529439084,35.6342706126988],[139.72675961136713,35.63435394567824],[139.72655849507862,35.63453366709524],[139.72599849533447,35.63503366677048],[139.72563128415663,35.63515505366297],[139.72549516187235,35.63520005393951],[139.72500321742473,35.635298973069325],[139.72499999965044,35.63529964036627],[139.72463766459668,35.63537255919641],[139.72419516217712,35.635431721097234],[139.72416294396487,35.63543810808238],[139.72338294396786,35.63559061331631],[139.7224618286507,35.635861999931535],[139.72221238729207,35.63597894597177],[139.72218321688217,35.635909225130774],[139.72216849498022,35.63587422531543],[139.7220946165735,35.63569672072725],[139.7220607256222,35.63557866672227],[139.72203128361707,35.6354608924064],[139.7220293392828,35.63538783777864],[139.72167961092543,35.63537144133909],[139.7216396108795,35.635369505098765],[139.7215765504177,35.63536672079772],[139.72145878059837,35.63536117108134],[139.72139211385513,35.635213666977336],[139.72134961099596,35.6351339726549],[139.72130739322176,35.6350692520445],[139.72126516195783,35.635024532356454],[139.72119710756067,35.63498897316276],[139.7210321143408,35.634966467628544],[139.72086014328113,35.634955081312114],[139.72079374813313,35.63495702744501],[139.72073180283064,35.63495897267859],[139.72067041510775,35.63496064002169],[139.7206551356262,35.63495674775589],[139.72058097303363,35.634937306211896],[139.72049180255487,35.6348911979706],[139.7202034763095,35.63472897286397],[139.71996236087443,35.63457730579819],[139.71983875535443,35.634602865430054],[139.719617639043,35.63464869398223],[139.7195656942016,35.63465925202303],[139.71909875540337,35.63475591925044],[139.7186559661002,35.63515591881077],[139.71818041539404,35.63509230616518],[139.71782819681403,35.635045359755736],[139.71773902723453,35.63526286528918],[139.71766652389113,35.63543953170921],[139.717657081909,35.63580286501036],[139.71790124514655,35.6358795322148],[139.71783929984394,35.636043973250935],[139.71801958513595,35.636249801986935],[139.71808875469242,35.636328972903925],[139.71814152960803,35.636388972972895],[139.71820791216555,35.636464802009186],[139.71755016870554,35.63725091919474],[139.7175451621797,35.637368413821434],[139.71752795095438,35.63744453243936],[139.71744739328278,35.637586198144675],[139.71732739314484,35.63782286463368],[139.71725710842895,35.637921747790585],[139.71720350164048,35.63794646835498],[139.71693294420015,35.63809119805052],[139.71667905299603,35.63826035962808],[139.71668211428835,35.63854646814514],[139.71668654974462,35.638986197954864],[139.7166871082236,35.6390353602938],[139.71668766490404,35.639074252374996],[139.71668766490404,35.63908258639242],[139.71676433210837,35.639632027196456],[139.7167673934007,35.63964730577868],[139.71679655032074,35.63979646823259],[139.71684321704106,35.63990174826722],[139.71689795068005,35.63995646841647],[139.7170112841436,35.64000313513674],[139.71716739296096,35.64006174755178],[139.71719321699356,35.64006646809321],[139.71742516204176,35.64010841427205],[139.71756182931517,35.640167026687095],[139.71766683505655,35.64021369430674],[139.7177609985714,35.640290640300975],[139.71785488959165,35.64040786513101],[139.71793600484295,35.6405186939827],[139.71805544740118,35.64066730605151],[139.71815044099026,35.640751720915375],[139.71826406043817,35.64081172098429],[139.71861516206025,35.6409500538021],[139.71896988255423,35.641091721306054],[139.71917489020916,35.64116755933554],[139.71920800324688,35.64118786512802],[139.7194012837424,35.641306721328306],[139.71964574555489,35.641400053869575],[139.7196663040569,35.64140810819782],[139.7197290794336,35.64143199958727],[139.71967241225218,35.64147672107396],[139.71953075194278,35.64158866688365],[139.71943182921575,35.64166666688334],[139.71943175097465,35.641666720842636],[139.71920241216174,35.64184755921764],[139.71943963712977,35.64200005365973],[139.71952907920377,35.64208061312996],[139.71956075242701,35.64210894627104],[139.71956658902707,35.64211505356701],[139.71969158220088,35.64224894643189],[139.71995435780752,35.642613667387025],[139.7200237998586,35.64270644144926],[139.72004741875355,35.64273755889138],[139.72017630419327,35.64290977456659],[139.7205268608261,35.64337727903836],[139.72060936373134,35.643487559303594],[139.72065435771265,35.64354755937251],[139.7209571342645,35.64395172099529],[139.72131686128432,35.644409225005916],[139.72144046680432,35.64440783825131],[139.7214593642584,35.64440783825131],[139.72190880674623,35.64440310781731],[139.72192214009488,35.64440310781731],[139.7222221404396,35.644400053719664],[139.72223936425542,35.64439977492981],[139.7223168606348,35.644398945754915],[139.72236130962688,35.64439866696506],[139.72240213974715,35.64439810758677],[139.72249214030023,35.644397279311136],[139.72262800268038,35.644593387275165],[139.72268661509543,35.64467810790853],[139.72275883335362,35.64478283755807],[139.72286800295615,35.64494033313002],[139.72285549878245,35.64499894644439],[139.7228154987365,35.64518727886997],[139.72278827535877,35.64531477485713],[139.72275189418474,35.645486171249956],[139.72293133591256,35.645705333334604],[139.7231241631498,35.64601855910939],[139.72332216598534,35.64634005415036],[139.7234521656851,35.646537279072334],[139.7234899480029,35.646594775428696],[139.7235602201282,35.64670117062269],[139.72336939028526,35.646821170760575],[139.72319050613714,35.646959505377026],[139.72297910520172,35.64711783821781],[139.723014668892,35.6471970001416],[139.72301800267883,35.647204774780676],[139.7230477171786,35.647270613248395],[139.72308328086888,35.64734977517213],[139.72311577157575,35.647422279414855],[139.72312549864307,35.6474442246714],[139.72324383863247,35.64770783844614],[139.7232563293163,35.64773589189804],[139.7232802198065,35.64778894560351],[139.72312050560697,35.648230892242054],[139.7230332812611,35.6484725589616],[139.72295243760504,35.648775613403984],[139.72277775598877,35.64943144130814],[139.72270914401201,35.649688667198404],[139.72264941643755,35.64991310830345],[139.72263442294047,35.649969225099824],[139.7226280287607,35.64999338718525],[139.7226268353603,35.64999999990022],[139.7226268353603,35.65000005385957],[139.7225758114247,35.650284504926105],[139.7225446948819,35.65045727908034],[139.7225388591812,35.65051977476793],[139.72252496825286,35.650670612658814],[139.72251275006352,35.6508025593908],[139.7225088586971,35.650843386812994],[139.722490246328,35.651046999619496],[139.7224194157236,35.65220894618608],[139.72240552479536,35.65232977459959],[139.72218941590904,35.652347558693066],[139.72216496783915,35.652348666657815],[139.7221608039781,35.65234894634699],[139.72201163432965,35.65235644129689],[139.7219466412247,35.652365332893964],[139.72187552463595,35.65239783799001],[139.72180747113805,35.65248672068577],[139.72173608295407,35.6526478378276],[139.7216674709772,35.65303505442438],[139.72155802888005,35.653616171149565],[139.7215519197855,35.65373755894137],[139.72156968859042,35.653832279136566],[139.72163775557817,35.65399199963122],[139.7220619460022,35.65486391933456],[139.72253055843873,35.655522251850584],[139.72261138770557,35.655660585567716],[139.72269805357246,35.655808918846674],[139.72273194632248,35.655866414303716],[139.72276333266188,35.65593197308226],[139.7227927755663,35.65607530613062],[139.72265583669764,35.65596169387726],[139.7225991704156,35.65591446777864],[139.72251888523851,35.65586058579754],[139.7223813878909,35.655768640010876],[139.72227972762755,35.65570086530283],[139.72216138763815,35.655623919308596],[139.72209999991526,35.655603359907275],[139.7220413883996,35.65560030580963],[139.72197389068265,35.655603359907275],[139.72171610901137,35.65568197324461],[139.72153834002256,35.655744468032935],[139.72015834023534,35.656228666619825],[139.71847360607228,35.6568339463297],[139.7181886118152,35.65693255879074],[139.7180452787668,35.656982278709336],[139.7178513615513,35.65655894623853],[139.71750525296522,35.65667810820827],[139.71672858585578,35.6568967208072],[139.71666997434,35.65690155915979],[139.7166666666335,35.65690183794965],[139.71649330702064,35.65691617134439],[139.71631552544136,35.65693338706632],[139.716248858698,35.65693977495084],[139.7161838646938,35.65694617092919],[139.71578053224596,35.65698533280704],[139.71520941598192,35.65709755920517],[139.7151649678891,35.65710644090967],[139.71497997374695,35.65714283827151],[139.71474664104483,35.65721755934305],[139.71459469518925,35.65727838678828],[139.71446386541527,35.65734810762922],[139.71427858618802,35.657512000078896],[139.71393747063792,35.657823107950264],[139.71369219224107,35.658003386946916],[139.71367330737746,35.65801727877454],[139.71319914432524,35.658281441135784],[139.71310031063103,35.65833333291715],[139.7131001946185,35.65833338687645],[139.71297108884482,35.65840117057775],[139.71287775630356,35.65845005412689],[139.71302775602635,35.658622838173585],[139.71327968940636,35.65891338664363],[139.71336997414517,35.6590172790244],[139.7134505578971,35.659110053985955],[139.713772775993,35.65967394599596],[139.71379250262203,35.659758386940155],[139.71326693881838,35.660053666743465],[139.71287861155884,35.66029172088639],[139.71283444855112,35.66031866727286],[139.7127974972069,35.66034144080504],[139.71239722425264,35.66058644131141],[139.71235944193484,35.6606097751212],[139.71231778174047,35.66063533295443],[139.71216250299733,35.66073033283874],[139.71201277576915,35.66086533276905],[139.71183472079588,35.66102561264205],[139.71164360586795,35.661257558589625],[139.71154916985847,35.66137227880779],[139.71107999984224,35.661895613192144],[139.71054472066248,35.66252477529832],[139.71027027185573,35.66284755906776],[139.710228340066,35.66289672140675],[139.71003277619184,35.66307200017286],[139.71002333331035,35.66308061298008],[139.7099561089874,35.66314089183885],[139.7093205580975,35.66354533315075],[139.70856389101095,35.66406700019206],[139.70860416265214,35.664156441366856],[139.70862583721282,35.66420477543022],[139.70863749692307,35.66423005357427],[139.70870527882573,35.6643806126753],[139.7092925028469,35.6650133873581],[139.70931778189026,35.665040892223544],[139.70934250335404,35.66506727923172],[139.70953916979704,35.66527922515627],[139.70956416285605,35.66530617064342],[139.70959082955335,35.66533505416959],[139.70988752309086,35.66565505363798],[139.71016280197193,35.66596061269229],[139.7102475226053,35.66601144057569],[139.71026252869297,35.66602033307208],[139.71043586312476,35.666083108448845],[139.71044031117162,35.666084774892624],[139.71055169940155,35.66612505372842],[139.71060891067282,35.66613977473099],[139.7107064196657,35.666165053774364],[139.71071919633403,35.66617033279476],[139.71084114080622,35.666219774822935],[139.71095058380263,35.666294504887674],[139.71101391675904,35.66636561338254],[139.71102114101302,35.66637366681147],[139.71128219172,35.66666666683335],[139.71128221780032,35.666666720792705],[139.71138197060168,35.66677866660234],[139.71151335885463,35.66681061321941],[139.71156058405393,35.66686338723571],[139.71178891112947,35.6671183873039],[139.71267282688962,35.668105892373205],[139.71289338472207,35.6683475321131],[139.71347727585578,35.668986414091876],[139.7138125548057,35.66934891911751],[139.7143933846471,35.66918808076548],[139.71453505844636,35.66937002710523],[139.71466839193295,35.66954086501909],[139.71470810599442,35.669591693801806],[139.71461561611795,35.669705865433514],[139.71430978007243,35.66990391863112],[139.71420422844255,35.66997225181814],[139.71417311279913,35.66999225184111],[139.71408922223998,35.670046694099824],[139.71408616094777,35.67004864023272],[139.71373505842644,35.67031086455495],[139.71383783384908,35.67051835973467],[139.71400866366912,35.67086280187698],[139.71423620024063,35.67113197256265],[139.71423620024063,35.67143335966199],[139.7143017509252,35.67154725160452],[139.71451036306303,35.671847531638434],[139.71452647171952,35.671886135037255],[139.7145411927221,35.67192086505605],[139.7146084179443,35.672081135036535],[139.71433452671727,35.672192802056315],[139.71450258122934,35.67246141426301],[139.71455730227785,35.67254919798728],[139.71465785997248,35.67262113475772],[139.71493341134806,35.672994467620754],[139.71547619986688,35.672798919035074],[139.7157073022504,35.67271558605563],[139.7160736959445,35.67254225162378],[139.71612869038688,35.67251613531158],[139.7162025813842,35.672481134596865],[139.71653758783964,35.67237586535407],[139.7165600780853,35.67236891899057],[139.7166666666335,35.672417747681095],[139.71667007776205,35.672419306206166],[139.71680452730732,35.672480864800264],[139.71700564179707,35.672572801593674],[139.71694092118673,35.67269336021059],[139.71689730226888,35.67277502674625],[139.7168481453258,35.67286613526409],[139.71681841823556,35.672921973270604],[139.71667007776205,35.6732134138681],[139.7166666666335,35.673220135401095],[139.71662147929806,35.67330891917146],[139.71655841793677,35.6734330813718],[139.7166666666335,35.67346130569484],[139.71667007776205,35.673462197822346],[139.71726399543718,35.673616972945126],[139.7181448382139,35.673930026949336],[139.71872399531628,35.674177252378456],[139.71927538315254,35.674412532112854],[139.7194756675682,35.674498081021795],[139.71960011665226,35.67471058632469],[139.71973900075443,35.67494753160349],[139.71975416332418,35.67497480174586],[139.71976819724466,35.674999999850286],[139.71976819724466,35.675000026829935],[139.71994844386575,35.67532419825329],[139.71990455335265,35.67546474789998],[139.7198887162914,35.67551586536507],[139.7197809730137,35.67575474778357],[139.71979902690373,35.67582697323638],[139.71973319113408,35.67628197263508],[139.7196195851759,35.676658332616114],[139.71986263325414,35.676726946391625],[139.71955985670218,35.67740694627372],[139.71966958478367,35.67744889155324],[139.7198315302012,35.67751055896531],[139.71993680933645,35.67755083780111],[139.7197692998135,35.67787944108352],[139.7195840340761,35.67830999960694],[139.71948791183786,35.6784105591002],[139.7196009728068,35.67848999981379],[139.7197512450241,35.678405837659454],[139.71985875537746,35.678405837659454],[139.71988263327705,35.67850722542829],[139.7198965242054,35.67860333327735],[139.71993070024178,35.67868110844654],[139.7200765244122,35.67877166657934],[139.72014291776168,35.6788130542792],[139.72047044095825,35.67901638739653],[139.7206460048094,35.67912555879769],[139.72115766509432,35.6793152788772],[139.7212176651633,35.67924499955723],[139.72155710797438,35.678847775304746],[139.7221590529981,35.679029441056],[139.7225790525814,35.67906333290665],[139.72266600533203,35.678561945577485],[139.72272739305492,35.678252505049215],[139.72327238671141,35.67855889237916],[139.7232276391444,35.678761387328336],[139.72321627800898,35.6788130542792],[139.72316849523008,35.679028054301455],[139.72318099940378,35.6790552785784],[139.72320433231425,35.679105558774665],[139.72367710771255,35.67908833316022],[139.72385044124508,35.67908833316022],[139.72404988299593,35.679118613333515],[139.72412572012604,35.679129999649945],[139.72421416305338,35.67916050465374],[139.72466405969874,35.6793152788772],[139.72468683502962,35.67931777539519],[139.72493321689467,35.679345279361314],[139.72499999965044,35.67930936043882],[139.72500350161044,35.67930746826522],[139.72513822275096,35.6792349999954],[139.72538878106752,35.67910055944344],[139.7255382232106,35.67910055944344],[139.72572822297934,35.67913055902824],[139.72604433198046,35.6791063870503],[139.7262257198413,35.67903361301097],[139.72674849484736,35.67928805370087],[139.7268049156146,35.679420837701684],[139.726907419442,35.67966250532055],[139.7269860309807,35.67980777460929],[139.7271554731467,35.68012277474645],[139.7272254727775,35.68025250464956],[139.7275146425868,35.680808333338064],[139.72757518764502,35.68105861286483],[139.7276496371212,35.681513891952704],[139.72771352765733,35.68164417134159],[139.72778547342102,35.68179027879847],[139.7278271336155,35.681875279121016],[139.72833910506586,35.68263944115745],[139.72845050588637,35.6828052788407],[139.72845632899657,35.6828141713371],[139.72852883323924,35.68283222522717],[139.72912800295512,35.6828194413643],[139.72956466877463,35.682810279071305],[139.72973411184,35.68253027874954],[139.7297582748247,35.68249027870354],[139.72983299589623,35.68229610787927],[139.7299046691653,35.68219083773715],[139.73021522665158,35.68173305403735],[139.7305107780502,35.681309171181454],[139.7305405060397,35.6812666674229]]]}}]}